2025-12-17 16:41:19 - INFO | 
2025-12-17 16:41:19 - INFO | -------------- START BIDSmapper ------------
2025-12-17 16:41:19 - INFO | >>> bidsmapper sourcefolder=/home/rflaherty/test_dicoms bidsfolder=/home/rflaherty/normabrain/bids bidsmap=bidsmap.yaml template=/home/rflaherty/.bidscoin/4.6.2/templates/bidsmap_dccn.yaml plugins=[] subprefix=None sesprefix=None store=False force=False
2025-12-17 16:41:19 - INFO | No bidsmap file found: /home/rflaherty/normabrain/bids/code/bidscoin/bidsmap.yaml
2025-12-17 16:41:19 - INFO | Reading: /home/rflaherty/.bidscoin/4.6.2/templates/bidsmap_dccn.yaml
2025-12-17 16:41:20 - INFO | Checking the bidsmap run-items:
2025-12-17 16:41:20 - VERBOSE | Could not validate every run-item in the bidsmap
2025-12-17 16:41:20 - VERBOSE | Checking the template bidsmap datatypes:
2025-12-17 16:41:20 - SUCCESS | All datatypes and options in the template bidsmap are valid
2025-12-17 16:41:20 - INFO | Mapping: /home/rflaherty/test_dicoms/sub-01 (subject 1/10)
2025-12-17 16:41:20 - VERBOSE | Executing plugin: dcm2niix2bids -> /home/rflaherty/test_dicoms/sub-01
2025-12-17 16:41:20 - INFO | Discovered sample: [DICOM] /home/rflaherty/test_dicoms/sub-01/20240517/582_0006_tfl-b1map-sag/original-primary-flip-angle-map-none_e09_0001.dcm
2025-12-17 16:41:21 - INFO | Discovered sample: [DICOM] /home/rflaherty/test_dicoms/sub-01/20240517/582_0008_tfl-b1map-sag/original-primary-flip-angle-map-none_e09_0001.dcm
2025-12-17 16:41:22 - INFO | Discovered sample: [DICOM] /home/rflaherty/test_dicoms/sub-01/20240517/582_0011_vibemt-c4-f100-fa25-1iso/original-primary-m-none_e09_0001.dcm
2025-12-17 16:41:24 - INFO | Discovered sample: [DICOM] /home/rflaherty/test_dicoms/sub-01/20240517/582_0012_vibemt-c4-f100-fa6-1iso/original-primary-m-none_e09_0001.dcm
2025-12-17 16:41:25 - INFO | Discovered sample: [DICOM] /home/rflaherty/test_dicoms/sub-01/20240517/582_0013_vibemt-c6-f4-fa10-1iso/original-primary-m-none_e09_0001.dcm
2025-12-17 16:41:26 - INFO | Discovered sample: [DICOM] /home/rflaherty/test_dicoms/sub-01/20240517/582_0014_vibemt-c6-f100-fa10-1iso/original-primary-m-none_e09_0001.dcm
2025-12-17 16:41:28 - INFO | Discovered sample: [DICOM] /home/rflaherty/test_dicoms/sub-01/20240517/582_0015_vibemt-c6-f100-fa6-1iso/original-primary-m-none_e09_0001.dcm
2025-12-17 16:41:29 - INFO | Discovered sample: [DICOM] /home/rflaherty/test_dicoms/sub-01/20240517/582_0016_vibemt-c6-f100-fa25-1iso/original-primary-m-none_e09_0001.dcm
2025-12-17 16:41:31 - INFO | Discovered sample: [DICOM] /home/rflaherty/test_dicoms/sub-01/20240517/582_0017_vibemt-c9-f4-fa10-1iso/original-primary-m-none_e09_0001.dcm
2025-12-17 16:41:32 - INFO | Discovered sample: [DICOM] /home/rflaherty/test_dicoms/sub-01/20240517/582_0018_vibemt-c4-f4-fa10-1iso/original-primary-m-none_e09_0001.dcm
2025-12-17 16:41:34 - INFO | Discovered sample: [DICOM] /home/rflaherty/test_dicoms/sub-01/20240517/582_0019_vibemt-c4-f100-fa10-1iso/original-primary-m-none_e09_0001.dcm
2025-12-17 16:41:35 - INFO | Discovered sample: [DICOM] /home/rflaherty/test_dicoms/sub-01/20240517/582_0020_vibemt-c9-f100-fa10-1iso/original-primary-m-none_e09_0001.dcm
2025-12-17 16:41:37 - INFO | Discovered sample: [DICOM] /home/rflaherty/test_dicoms/sub-01/20240517/582_0021_vibemt-c9-f100-fa6-1iso/original-primary-m-none_e09_0001.dcm
2025-12-17 16:41:39 - INFO | Discovered sample: [DICOM] /home/rflaherty/test_dicoms/sub-01/20240517/582_0022_vibemt-c9-f100-fa25-1iso/original-primary-m-none_e09_0001.dcm
2025-12-17 16:41:41 - INFO | Discovered sample: [DICOM] /home/rflaherty/test_dicoms/sub-01/20240517/582_0029_gremt-cs4-f4-fa10-1iso-ellip83/original-primary-m-none_e09_0001.dcm
2025-12-17 16:41:43 - INFO | Discovered sample: [DICOM] /home/rflaherty/test_dicoms/sub-01/20240517/582_0030_gremt-cs4-f100-fa10-1iso-ellip83/original-primary-m-none_e09_0001.dcm
2025-12-17 16:41:45 - INFO | Discovered sample: [DICOM] /home/rflaherty/test_dicoms/sub-01/20240517/582_0031_gremt-cs4-f100-fa6-1iso-ellip83/original-primary-m-none_e09_0001.dcm
2025-12-17 16:41:47 - INFO | Discovered sample: [DICOM] /home/rflaherty/test_dicoms/sub-01/20240517/582_0032_gremt-cs4-f100-fa25-1iso-ellip83/original-primary-m-none_e09_0001.dcm
2025-12-17 16:41:49 - INFO | Discovered sample: [DICOM] /home/rflaherty/test_dicoms/sub-01/20240517/582_0033_gremt-cs6-f4-fa10-1iso-ellip79/original-primary-m-none_e09_0001.dcm
2025-12-17 16:41:51 - INFO | Discovered sample: [DICOM] /home/rflaherty/test_dicoms/sub-01/20240517/582_0035_gremt-cs6-f100-fa10-1iso-ellip79/original-primary-m-none_e09_0001.dcm
2025-12-17 16:41:53 - INFO | Discovered sample: [DICOM] /home/rflaherty/test_dicoms/sub-01/20240517/582_0036_gremt-cs6-f100-fa6-1iso-ellip79/original-primary-m-none_e09_0001.dcm
2025-12-17 16:41:54 - INFO | Discovered sample: [DICOM] /home/rflaherty/test_dicoms/sub-01/20240517/582_0037_gremt-cs6-f100-fa25-1iso-ellip79/original-primary-m-none_e09_0001.dcm
2025-12-17 16:41:56 - INFO | Discovered sample: [DICOM] /home/rflaherty/test_dicoms/sub-01/20240517/582_0038_gremt-cs9-f4-fa10-1iso-ellip76/original-primary-m-none_e09_0001.dcm
2025-12-17 16:41:57 - INFO | Discovered sample: [DICOM] /home/rflaherty/test_dicoms/sub-01/20240517/582_0039_gremt-cs9-f100-fa10-1iso-ellip76/original-primary-m-none_e09_0001.dcm
2025-12-17 16:41:59 - INFO | Discovered sample: [DICOM] /home/rflaherty/test_dicoms/sub-01/20240517/582_0040_gremt-cs9-f100-fa6-1iso-ellip76/original-primary-m-none_e09_0001.dcm
2025-12-17 16:42:00 - INFO | Discovered sample: [DICOM] /home/rflaherty/test_dicoms/sub-01/20240517/582_0041_gremt-cs9-f100-fa25-1iso-ellip76/original-primary-m-none_e09_0001.dcm
2025-12-17 16:42:19 - INFO | Discovered sample: [DICOM] /home/rflaherty/test_dicoms/sub-01/20240718/91_0024_tfl-b1map-sag/original-primary-flip-angle-map-none_e09_0001.dcm
2025-12-17 16:42:37 - INFO | Discovered sample: [DICOM] /home/rflaherty/test_dicoms/sub-01/20241121/03_0006_tfl-b1map-sag/original-primary-flip-angle-map-none_e09_0001.dcm
2025-12-17 16:42:39 - INFO | Discovered sample: [DICOM] /home/rflaherty/test_dicoms/sub-01/20241121/03_0007_vibemt-c4-f4-fa10-1iso/original-primary-m-none_e09_0001.dcm
2025-12-17 16:42:40 - INFO | Discovered sample: [DICOM] /home/rflaherty/test_dicoms/sub-01/20241121/03_0008_vibemt-c4-f100-fa10-1iso/original-primary-m-none_e09_0001.dcm
2025-12-17 16:42:42 - INFO | Discovered sample: [DICOM] /home/rflaherty/test_dicoms/sub-01/20241121/03_0009_vibemt-c4-f100-fa25-1iso/original-primary-m-none_e09_0001.dcm
2025-12-17 16:42:43 - INFO | Discovered sample: [DICOM] /home/rflaherty/test_dicoms/sub-01/20241121/03_0010_vibemt-c4-f100-fa6-1iso/original-primary-m-none_e09_0001.dcm
2025-12-17 16:42:45 - INFO | Discovered sample: [DICOM] /home/rflaherty/test_dicoms/sub-01/20241121/03_0011_vibemt-c6-f4-fa10-1iso/original-primary-m-none_e09_0001.dcm
2025-12-17 16:42:46 - INFO | Discovered sample: [DICOM] /home/rflaherty/test_dicoms/sub-01/20241121/03_0012_vibemt-c6-f100-fa10-1iso/original-primary-m-none_e09_0001.dcm
2025-12-17 16:42:48 - INFO | Discovered sample: [DICOM] /home/rflaherty/test_dicoms/sub-01/20241121/03_0013_vibemt-c6-f100-fa6-1iso/original-primary-m-none_e09_0001.dcm
2025-12-17 16:42:49 - INFO | Discovered sample: [DICOM] /home/rflaherty/test_dicoms/sub-01/20241121/03_0014_vibemt-c6-f100-fa25-1iso/original-primary-m-none_e09_0001.dcm
2025-12-17 16:42:51 - INFO | Discovered sample: [DICOM] /home/rflaherty/test_dicoms/sub-01/20241121/03_0015_vibemt-c9-f4-fa10-1iso/original-primary-m-none_e09_0001.dcm
2025-12-17 16:42:52 - INFO | Discovered sample: [DICOM] /home/rflaherty/test_dicoms/sub-01/20241121/03_0016_vibemt-c9-f100-fa10-1iso/original-primary-m-none_e09_0001.dcm
2025-12-17 16:42:53 - INFO | Discovered sample: [DICOM] /home/rflaherty/test_dicoms/sub-01/20241121/03_0017_vibemt-c9-f100-fa6-1iso/original-primary-m-none_e09_0001.dcm
2025-12-17 16:42:55 - INFO | Discovered sample: [DICOM] /home/rflaherty/test_dicoms/sub-01/20241121/03_0018_vibemt-c9-f100-fa25-1iso/original-primary-m-none_e09_0001.dcm
2025-12-17 16:42:56 - INFO | Discovered sample: [DICOM] /home/rflaherty/test_dicoms/sub-01/20241121/03_0019_gremt-cs9-f4-fa10-1iso-ellip76/original-primary-m-none_e09_0001.dcm
2025-12-17 16:42:58 - INFO | Discovered sample: [DICOM] /home/rflaherty/test_dicoms/sub-01/20241121/03_0020_gremt-cs9-f100-fa10-1iso-ellip76/original-primary-m-none_e09_0001.dcm
2025-12-17 16:42:59 - INFO | Discovered sample: [DICOM] /home/rflaherty/test_dicoms/sub-01/20241121/03_0021_gremt-cs9-f100-fa6-1iso-ellip76/original-primary-m-none_e09_0001.dcm
2025-12-17 16:43:01 - INFO | Discovered sample: [DICOM] /home/rflaherty/test_dicoms/sub-01/20241121/03_0022_gremt-cs9-f100-fa25-1iso-ellip76/original-primary-m-none_e09_0001.dcm
2025-12-17 16:43:01 - INFO | Discovered sample: [DICOM] /home/rflaherty/test_dicoms/sub-01/20250319/00_0001_aahead-scout-64ch/original-primary-m-none_e09_0001.dcm
2025-12-17 16:43:02 - INFO | Discovered sample: [DICOM] /home/rflaherty/test_dicoms/sub-01/20250319/00_0002_aahead-scout-64ch-mpr-sag/derived-primary-mpr-resampled_e09_0001.dcm
2025-12-17 16:43:02 - INFO | Discovered sample: [DICOM] /home/rflaherty/test_dicoms/sub-01/20250319/00_0003_aahead-scout-64ch-mpr-cor/derived-primary-mpr-resampled_e09_0001.dcm
2025-12-17 16:43:02 - INFO | Discovered sample: [DICOM] /home/rflaherty/test_dicoms/sub-01/20250319/00_0004_aahead-scout-64ch-mpr-tra/derived-primary-mpr-resampled_e09_0001.dcm
2025-12-17 16:43:02 - INFO | Discovered sample: [DICOM] /home/rflaherty/test_dicoms/sub-01/20250319/00_0005_tfl-b1map-sag/original-primary-m-none_e09_0001.dcm
2025-12-17 16:43:03 - INFO | Discovered sample: [DICOM] /home/rflaherty/test_dicoms/sub-01/20250319/00_0006_tfl-b1map-sag/original-primary-flip-angle-map-none_e09_0001.dcm
2025-12-17 16:43:06 - INFO | Discovered sample: [DICOM] /home/rflaherty/test_dicoms/sub-01/20250319/00_0013_gremt-cs4-f4-fa10-1iso-ellip83/original-primary-m-none_e09_0001.dcm
2025-12-17 16:43:07 - INFO | Discovered sample: [DICOM] /home/rflaherty/test_dicoms/sub-01/20250319/00_0014_gremt-cs4-f4-fa10-1iso-ellip83/original-primary-p-none_e09_0001.dcm
2025-12-17 16:43:07 - VERBOSE | Updated [DICOM/extra_data] /home/rflaherty/test_dicoms/sub-01/20250319/00_0014_gremt-cs4-f4-fa10-1iso-ellip83/original-primary-p-none_e09_0001.dcm entity: 'part' -> 'phase' (['ORIGINAL', 'PRIMARY', 'P', 'NONE'])
2025-12-17 16:43:09 - INFO | Discovered sample: [DICOM] /home/rflaherty/test_dicoms/sub-01/20250319/00_0015_gremt-cs4-f100-fa10-1iso-ellip83/original-primary-m-none_e09_0001.dcm
2025-12-17 16:43:10 - INFO | Discovered sample: [DICOM] /home/rflaherty/test_dicoms/sub-01/20250319/00_0016_gremt-cs4-f100-fa10-1iso-ellip83/original-primary-p-none_e09_0001.dcm
2025-12-17 16:43:10 - VERBOSE | Updated [DICOM/extra_data] /home/rflaherty/test_dicoms/sub-01/20250319/00_0016_gremt-cs4-f100-fa10-1iso-ellip83/original-primary-p-none_e09_0001.dcm entity: 'part' -> 'phase' (['ORIGINAL', 'PRIMARY', 'P', 'NONE'])
2025-12-17 16:43:11 - INFO | Discovered sample: [DICOM] /home/rflaherty/test_dicoms/sub-01/20250319/00_0017_gremt-cs4-f100-fa6-1iso-ellip83/original-primary-m-none_e09_0001.dcm
2025-12-17 16:43:13 - INFO | Discovered sample: [DICOM] /home/rflaherty/test_dicoms/sub-01/20250319/00_0018_gremt-cs4-f100-fa6-1iso-ellip83/original-primary-p-none_e09_0001.dcm
2025-12-17 16:43:13 - VERBOSE | Updated [DICOM/extra_data] /home/rflaherty/test_dicoms/sub-01/20250319/00_0018_gremt-cs4-f100-fa6-1iso-ellip83/original-primary-p-none_e09_0001.dcm entity: 'part' -> 'phase' (['ORIGINAL', 'PRIMARY', 'P', 'NONE'])
2025-12-17 16:43:14 - INFO | Discovered sample: [DICOM] /home/rflaherty/test_dicoms/sub-01/20250319/00_0019_gremt-cs4-f100-fa25-1iso-ellip83/original-primary-m-none_e09_0001.dcm
2025-12-17 16:43:15 - INFO | Discovered sample: [DICOM] /home/rflaherty/test_dicoms/sub-01/20250319/00_0020_gremt-cs4-f100-fa25-1iso-ellip83/original-primary-p-none_e09_0001.dcm
2025-12-17 16:43:15 - VERBOSE | Updated [DICOM/extra_data] /home/rflaherty/test_dicoms/sub-01/20250319/00_0020_gremt-cs4-f100-fa25-1iso-ellip83/original-primary-p-none_e09_0001.dcm entity: 'part' -> 'phase' (['ORIGINAL', 'PRIMARY', 'P', 'NONE'])
2025-12-17 16:43:17 - INFO | Discovered sample: [DICOM] /home/rflaherty/test_dicoms/sub-01/20250319/00_0021_gremt-cs6-f4-fa10-1iso-ellip79/original-primary-m-none_e09_0001.dcm
2025-12-17 16:43:18 - INFO | Discovered sample: [DICOM] /home/rflaherty/test_dicoms/sub-01/20250319/00_0022_gremt-cs6-f4-fa10-1iso-ellip79/original-primary-p-none_e09_0001.dcm
2025-12-17 16:43:18 - VERBOSE | Updated [DICOM/extra_data] /home/rflaherty/test_dicoms/sub-01/20250319/00_0022_gremt-cs6-f4-fa10-1iso-ellip79/original-primary-p-none_e09_0001.dcm entity: 'part' -> 'phase' (['ORIGINAL', 'PRIMARY', 'P', 'NONE'])
2025-12-17 16:43:19 - INFO | Discovered sample: [DICOM] /home/rflaherty/test_dicoms/sub-01/20250319/00_0023_gremt-cs6-f100-fa10-1iso-ellip79/original-primary-m-none_e09_0001.dcm
2025-12-17 16:43:21 - INFO | Discovered sample: [DICOM] /home/rflaherty/test_dicoms/sub-01/20250319/00_0024_gremt-cs6-f100-fa10-1iso-ellip79/original-primary-p-none_e09_0001.dcm
2025-12-17 16:43:21 - VERBOSE | Updated [DICOM/extra_data] /home/rflaherty/test_dicoms/sub-01/20250319/00_0024_gremt-cs6-f100-fa10-1iso-ellip79/original-primary-p-none_e09_0001.dcm entity: 'part' -> 'phase' (['ORIGINAL', 'PRIMARY', 'P', 'NONE'])
2025-12-17 16:43:22 - INFO | Discovered sample: [DICOM] /home/rflaherty/test_dicoms/sub-01/20250319/00_0025_gremt-cs6-f100-fa6-1iso-ellip79/original-primary-m-none_e09_0001.dcm
2025-12-17 16:43:23 - INFO | Discovered sample: [DICOM] /home/rflaherty/test_dicoms/sub-01/20250319/00_0026_gremt-cs6-f100-fa6-1iso-ellip79/original-primary-p-none_e09_0001.dcm
2025-12-17 16:43:23 - VERBOSE | Updated [DICOM/extra_data] /home/rflaherty/test_dicoms/sub-01/20250319/00_0026_gremt-cs6-f100-fa6-1iso-ellip79/original-primary-p-none_e09_0001.dcm entity: 'part' -> 'phase' (['ORIGINAL', 'PRIMARY', 'P', 'NONE'])
2025-12-17 16:43:25 - INFO | Discovered sample: [DICOM] /home/rflaherty/test_dicoms/sub-01/20250319/00_0027_gremt-cs6-f100-fa25-1iso-ellip79/original-primary-m-none_e09_0001.dcm
2025-12-17 16:43:26 - INFO | Discovered sample: [DICOM] /home/rflaherty/test_dicoms/sub-01/20250319/00_0028_gremt-cs6-f100-fa25-1iso-ellip79/original-primary-p-none_e09_0001.dcm
2025-12-17 16:43:26 - VERBOSE | Updated [DICOM/extra_data] /home/rflaherty/test_dicoms/sub-01/20250319/00_0028_gremt-cs6-f100-fa25-1iso-ellip79/original-primary-p-none_e09_0001.dcm entity: 'part' -> 'phase' (['ORIGINAL', 'PRIMARY', 'P', 'NONE'])
2025-12-17 16:43:29 - INFO | Discovered sample: [DICOM] /home/rflaherty/test_dicoms/sub-01/20250319/00_0030_gremt-cs9-f4-fa10-1iso-ellip76/original-primary-p-none_e09_0001.dcm
2025-12-17 16:43:29 - VERBOSE | Updated [DICOM/extra_data] /home/rflaherty/test_dicoms/sub-01/20250319/00_0030_gremt-cs9-f4-fa10-1iso-ellip76/original-primary-p-none_e09_0001.dcm entity: 'part' -> 'phase' (['ORIGINAL', 'PRIMARY', 'P', 'NONE'])
2025-12-17 16:43:32 - INFO | Discovered sample: [DICOM] /home/rflaherty/test_dicoms/sub-01/20250319/00_0032_gremt-cs9-f100-fa10-1iso-ellip76/original-primary-p-none_e09_0001.dcm
2025-12-17 16:43:32 - VERBOSE | Updated [DICOM/extra_data] /home/rflaherty/test_dicoms/sub-01/20250319/00_0032_gremt-cs9-f100-fa10-1iso-ellip76/original-primary-p-none_e09_0001.dcm entity: 'part' -> 'phase' (['ORIGINAL', 'PRIMARY', 'P', 'NONE'])
2025-12-17 16:43:33 - INFO | Discovered sample: [DICOM] /home/rflaherty/test_dicoms/sub-01/20250319/00_0033_gremt-cs9-f100-fa6-1iso-ellip76/original-primary-m-none_e09_0001.dcm
2025-12-17 16:43:35 - INFO | Discovered sample: [DICOM] /home/rflaherty/test_dicoms/sub-01/20250319/00_0034_gremt-cs9-f100-fa6-1iso-ellip76/original-primary-p-none_e09_0001.dcm
2025-12-17 16:43:35 - VERBOSE | Updated [DICOM/extra_data] /home/rflaherty/test_dicoms/sub-01/20250319/00_0034_gremt-cs9-f100-fa6-1iso-ellip76/original-primary-p-none_e09_0001.dcm entity: 'part' -> 'phase' (['ORIGINAL', 'PRIMARY', 'P', 'NONE'])
2025-12-17 16:43:36 - INFO | Discovered sample: [DICOM] /home/rflaherty/test_dicoms/sub-01/20250319/00_0035_gremt-cs9-f100-fa25-1iso-ellip76/original-primary-m-none_e09_0001.dcm
2025-12-17 16:43:37 - INFO | Discovered sample: [DICOM] /home/rflaherty/test_dicoms/sub-01/20250319/00_0036_gremt-cs9-f100-fa25-1iso-ellip76/original-primary-p-none_e09_0001.dcm
2025-12-17 16:43:37 - VERBOSE | Updated [DICOM/extra_data] /home/rflaherty/test_dicoms/sub-01/20250319/00_0036_gremt-cs9-f100-fa25-1iso-ellip76/original-primary-p-none_e09_0001.dcm entity: 'part' -> 'phase' (['ORIGINAL', 'PRIMARY', 'P', 'NONE'])
2025-12-17 16:43:37 - WARNING | Not all .dcm-files in '/home/rflaherty/test_dicoms/sub-01/20250319/00_0099_phoenixzipreport' have the same size. This may be OK but can also be indicative of a truncated acquisition or file corruption(s)
2025-12-17 16:43:38 - INFO | Discovered sample: [DICOM] /home/rflaherty/test_dicoms/sub-01/20250319/00_0099_phoenixzipreport/original-primary-other-csa-report_e09_0001.dcm
2025-12-17 16:43:38 - INFO | Discovered sample: [DICOM] /home/rflaherty/test_dicoms/sub-01/20250728/890_0005_gre-field-mapping/original-primary-p-none_e09_0001.dcm
2025-12-17 16:43:40 - INFO | Discovered sample: [DICOM] /home/rflaherty/test_dicoms/sub-01/20250728/890_0008_vibemt-c4-f4-fa10-1iso/original-primary-m-none_e09_0001.dcm
2025-12-17 16:43:41 - INFO | Discovered sample: [DICOM] /home/rflaherty/test_dicoms/sub-01/20250728/890_0009_vibemt-c4-f4-fa10-1iso/original-primary-p-none_e09_0001.dcm
2025-12-17 16:43:41 - VERBOSE | Updated [DICOM/extra_data] /home/rflaherty/test_dicoms/sub-01/20250728/890_0009_vibemt-c4-f4-fa10-1iso/original-primary-p-none_e09_0001.dcm entity: 'part' -> 'phase' (['ORIGINAL', 'PRIMARY', 'P', 'NONE'])
2025-12-17 16:43:43 - INFO | Discovered sample: [DICOM] /home/rflaherty/test_dicoms/sub-01/20250728/890_0010_vibemt-c4-f100-fa10-1iso/original-primary-m-none_e09_0001.dcm
2025-12-17 16:43:44 - INFO | Discovered sample: [DICOM] /home/rflaherty/test_dicoms/sub-01/20250728/890_0011_vibemt-c4-f100-fa10-1iso/original-primary-p-none_e09_0001.dcm
2025-12-17 16:43:44 - VERBOSE | Updated [DICOM/extra_data] /home/rflaherty/test_dicoms/sub-01/20250728/890_0011_vibemt-c4-f100-fa10-1iso/original-primary-p-none_e09_0001.dcm entity: 'part' -> 'phase' (['ORIGINAL', 'PRIMARY', 'P', 'NONE'])
2025-12-17 16:43:46 - INFO | Discovered sample: [DICOM] /home/rflaherty/test_dicoms/sub-01/20250728/890_0012_vibemt-c4-f100-fa6-1iso/original-primary-m-none_e09_0001.dcm
2025-12-17 16:43:47 - INFO | Discovered sample: [DICOM] /home/rflaherty/test_dicoms/sub-01/20250728/890_0013_vibemt-c4-f100-fa6-1iso/original-primary-p-none_e09_0001.dcm
2025-12-17 16:43:47 - VERBOSE | Updated [DICOM/extra_data] /home/rflaherty/test_dicoms/sub-01/20250728/890_0013_vibemt-c4-f100-fa6-1iso/original-primary-p-none_e09_0001.dcm entity: 'part' -> 'phase' (['ORIGINAL', 'PRIMARY', 'P', 'NONE'])
2025-12-17 16:43:48 - INFO | Discovered sample: [DICOM] /home/rflaherty/test_dicoms/sub-01/20250728/890_0014_vibemt-c4-f100-fa25-1iso/original-primary-m-none_e09_0001.dcm
2025-12-17 16:43:50 - INFO | Discovered sample: [DICOM] /home/rflaherty/test_dicoms/sub-01/20250728/890_0015_vibemt-c4-f100-fa25-1iso/original-primary-p-none_e09_0001.dcm
2025-12-17 16:43:50 - VERBOSE | Updated [DICOM/extra_data] /home/rflaherty/test_dicoms/sub-01/20250728/890_0015_vibemt-c4-f100-fa25-1iso/original-primary-p-none_e09_0001.dcm entity: 'part' -> 'phase' (['ORIGINAL', 'PRIMARY', 'P', 'NONE'])
2025-12-17 16:43:51 - INFO | Discovered sample: [DICOM] /home/rflaherty/test_dicoms/sub-01/20250728/890_0016_vibemt-c6-f4-fa10-1iso/original-primary-m-none_e09_0001.dcm
2025-12-17 16:43:53 - INFO | Discovered sample: [DICOM] /home/rflaherty/test_dicoms/sub-01/20250728/890_0017_vibemt-c6-f4-fa10-1iso/original-primary-p-none_e09_0001.dcm
2025-12-17 16:43:53 - VERBOSE | Updated [DICOM/extra_data] /home/rflaherty/test_dicoms/sub-01/20250728/890_0017_vibemt-c6-f4-fa10-1iso/original-primary-p-none_e09_0001.dcm entity: 'part' -> 'phase' (['ORIGINAL', 'PRIMARY', 'P', 'NONE'])
2025-12-17 16:43:54 - INFO | Discovered sample: [DICOM] /home/rflaherty/test_dicoms/sub-01/20250728/890_0018_vibemt-c6-f100-fa10-1iso/original-primary-m-none_e09_0001.dcm
2025-12-17 16:43:55 - INFO | Discovered sample: [DICOM] /home/rflaherty/test_dicoms/sub-01/20250728/890_0019_vibemt-c6-f100-fa10-1iso/original-primary-p-none_e09_0001.dcm
2025-12-17 16:43:55 - VERBOSE | Updated [DICOM/extra_data] /home/rflaherty/test_dicoms/sub-01/20250728/890_0019_vibemt-c6-f100-fa10-1iso/original-primary-p-none_e09_0001.dcm entity: 'part' -> 'phase' (['ORIGINAL', 'PRIMARY', 'P', 'NONE'])
2025-12-17 16:43:57 - INFO | Discovered sample: [DICOM] /home/rflaherty/test_dicoms/sub-01/20250728/890_0020_vibemt-c6-f100-fa6-1iso/original-primary-m-none_e09_0001.dcm
2025-12-17 16:43:58 - INFO | Discovered sample: [DICOM] /home/rflaherty/test_dicoms/sub-01/20250728/890_0021_vibemt-c6-f100-fa6-1iso/original-primary-p-none_e09_0001.dcm
2025-12-17 16:43:58 - VERBOSE | Updated [DICOM/extra_data] /home/rflaherty/test_dicoms/sub-01/20250728/890_0021_vibemt-c6-f100-fa6-1iso/original-primary-p-none_e09_0001.dcm entity: 'part' -> 'phase' (['ORIGINAL', 'PRIMARY', 'P', 'NONE'])
2025-12-17 16:44:00 - INFO | Discovered sample: [DICOM] /home/rflaherty/test_dicoms/sub-01/20250728/890_0022_vibemt-c6-f100-fa25-1iso/original-primary-m-none_e09_0001.dcm
2025-12-17 16:44:01 - INFO | Discovered sample: [DICOM] /home/rflaherty/test_dicoms/sub-01/20250728/890_0023_vibemt-c6-f100-fa25-1iso/original-primary-p-none_e09_0001.dcm
2025-12-17 16:44:01 - VERBOSE | Updated [DICOM/extra_data] /home/rflaherty/test_dicoms/sub-01/20250728/890_0023_vibemt-c6-f100-fa25-1iso/original-primary-p-none_e09_0001.dcm entity: 'part' -> 'phase' (['ORIGINAL', 'PRIMARY', 'P', 'NONE'])
2025-12-17 16:44:02 - INFO | Discovered sample: [DICOM] /home/rflaherty/test_dicoms/sub-01/20250728/890_0024_vibemt-c9-f4-fa10-1iso/original-primary-m-none_e09_0001.dcm
2025-12-17 16:44:04 - INFO | Discovered sample: [DICOM] /home/rflaherty/test_dicoms/sub-01/20250728/890_0025_vibemt-c9-f4-fa10-1iso/original-primary-p-none_e09_0001.dcm
2025-12-17 16:44:04 - VERBOSE | Updated [DICOM/extra_data] /home/rflaherty/test_dicoms/sub-01/20250728/890_0025_vibemt-c9-f4-fa10-1iso/original-primary-p-none_e09_0001.dcm entity: 'part' -> 'phase' (['ORIGINAL', 'PRIMARY', 'P', 'NONE'])
2025-12-17 16:44:06 - INFO | Discovered sample: [DICOM] /home/rflaherty/test_dicoms/sub-01/20250728/890_0026_vibemt-c9-f100-fa10-1iso/original-primary-m-none_e09_0001.dcm
2025-12-17 16:44:07 - INFO | Discovered sample: [DICOM] /home/rflaherty/test_dicoms/sub-01/20250728/890_0027_vibemt-c9-f100-fa10-1iso/original-primary-p-none_e09_0001.dcm
2025-12-17 16:44:07 - VERBOSE | Updated [DICOM/extra_data] /home/rflaherty/test_dicoms/sub-01/20250728/890_0027_vibemt-c9-f100-fa10-1iso/original-primary-p-none_e09_0001.dcm entity: 'part' -> 'phase' (['ORIGINAL', 'PRIMARY', 'P', 'NONE'])
2025-12-17 16:44:08 - INFO | Discovered sample: [DICOM] /home/rflaherty/test_dicoms/sub-01/20250728/890_0028_vibemt-c9-f100-fa6-1iso/original-primary-m-none_e09_0001.dcm
2025-12-17 16:44:10 - INFO | Discovered sample: [DICOM] /home/rflaherty/test_dicoms/sub-01/20250728/890_0029_vibemt-c9-f100-fa6-1iso/original-primary-p-none_e09_0001.dcm
2025-12-17 16:44:10 - VERBOSE | Updated [DICOM/extra_data] /home/rflaherty/test_dicoms/sub-01/20250728/890_0029_vibemt-c9-f100-fa6-1iso/original-primary-p-none_e09_0001.dcm entity: 'part' -> 'phase' (['ORIGINAL', 'PRIMARY', 'P', 'NONE'])
2025-12-17 16:44:11 - INFO | Discovered sample: [DICOM] /home/rflaherty/test_dicoms/sub-01/20250728/890_0030_vibemt-c9-f100-fa25-1iso/original-primary-m-none_e09_0001.dcm
2025-12-17 16:44:13 - INFO | Discovered sample: [DICOM] /home/rflaherty/test_dicoms/sub-01/20250728/890_0031_vibemt-c9-f100-fa25-1iso/original-primary-p-none_e09_0001.dcm
2025-12-17 16:44:13 - VERBOSE | Updated [DICOM/extra_data] /home/rflaherty/test_dicoms/sub-01/20250728/890_0031_vibemt-c9-f100-fa25-1iso/original-primary-p-none_e09_0001.dcm entity: 'part' -> 'phase' (['ORIGINAL', 'PRIMARY', 'P', 'NONE'])
2025-12-17 16:44:14 - INFO | Discovered sample: [DICOM] /home/rflaherty/test_dicoms/sub-01/20250728/890_0032_vibemt-c4-f4-fa10-1iso-rr/original-primary-m-none_e09_0001.dcm
2025-12-17 16:44:16 - INFO | Discovered sample: [DICOM] /home/rflaherty/test_dicoms/sub-01/20250728/890_0033_vibemt-c4-f100-fa10-1iso-rr/original-primary-m-none_e09_0001.dcm
2025-12-17 16:44:17 - INFO | Discovered sample: [DICOM] /home/rflaherty/test_dicoms/sub-01/20250728/890_0034_vibemt-c4-f100-fa6-1iso-rr/original-primary-m-none_e09_0001.dcm
2025-12-17 16:44:19 - INFO | Discovered sample: [DICOM] /home/rflaherty/test_dicoms/sub-01/20250728/890_0035_vibemt-c4-f100-fa25-1iso-rr/original-primary-m-none_e09_0001.dcm
2025-12-17 16:44:20 - INFO | Discovered sample: [DICOM] /home/rflaherty/test_dicoms/sub-01/20250728/890_0036_vibemt-c6-f4-fa10-1iso-rr/original-primary-m-none_e09_0001.dcm
2025-12-17 16:44:22 - INFO | Discovered sample: [DICOM] /home/rflaherty/test_dicoms/sub-01/20250728/890_0037_vibemt-c6-f100-fa10-1iso-rr/original-primary-m-none_e09_0001.dcm
2025-12-17 16:44:23 - INFO | Discovered sample: [DICOM] /home/rflaherty/test_dicoms/sub-01/20250728/890_0038_vibemt-c6-f100-fa6-1iso-rr/original-primary-m-none_e09_0001.dcm
2025-12-17 16:44:24 - INFO | Discovered sample: [DICOM] /home/rflaherty/test_dicoms/sub-01/20250728/890_0039_vibemt-c6-f100-fa25-1iso-rr/original-primary-m-none_e09_0001.dcm
2025-12-17 16:44:26 - INFO | Discovered sample: [DICOM] /home/rflaherty/test_dicoms/sub-01/20250728/890_0040_vibemt-c9-f4-fa10-1iso-rr/original-primary-m-none_e09_0001.dcm
2025-12-17 16:44:27 - INFO | Discovered sample: [DICOM] /home/rflaherty/test_dicoms/sub-01/20250728/890_0041_vibemt-c9-f100-fa10-1iso-rr/original-primary-m-none_e09_0001.dcm
2025-12-17 16:44:29 - INFO | Discovered sample: [DICOM] /home/rflaherty/test_dicoms/sub-01/20250728/890_0042_vibemt-c9-f100-fa6-1iso-rr/original-primary-m-none_e09_0001.dcm
2025-12-17 16:44:30 - INFO | Discovered sample: [DICOM] /home/rflaherty/test_dicoms/sub-01/20250728/890_0043_vibemt-c9-f100-fa25-1iso-rr/original-primary-m-none_e09_0001.dcm
2025-12-17 16:44:30 - VERBOSE | Executing plugin: events2bids -> /home/rflaherty/test_dicoms/sub-01
2025-12-17 16:44:30 - INFO | Mapping: /home/rflaherty/test_dicoms/sub-01_ses-20240517-02_rec-PSN-on (subject 2/10)
2025-12-17 16:44:30 - VERBOSE | Executing plugin: dcm2niix2bids -> /home/rflaherty/test_dicoms/sub-01_ses-20240517-02_rec-PSN-on
2025-12-17 16:44:32 - INFO | Discovered sample: [DICOM] /home/rflaherty/test_dicoms/sub-01_ses-20240517-02_rec-PSN-on/20241022/91_0006_gremt-cs4-f4-fa10-1iso-ellip83-rr/original-primary-m-none_e09_0001.dcm
2025-12-17 16:44:33 - INFO | Discovered sample: [DICOM] /home/rflaherty/test_dicoms/sub-01_ses-20240517-02_rec-PSN-on/20241022/91_0007_gremt-cs4-f100-fa6-1iso-ellip83-rr/original-primary-m-none_e09_0001.dcm
2025-12-17 16:44:35 - INFO | Discovered sample: [DICOM] /home/rflaherty/test_dicoms/sub-01_ses-20240517-02_rec-PSN-on/20241022/91_0008_gremt-cs4-f100-fa10-1iso-ellip83-rr/original-primary-m-none_e09_0001.dcm
2025-12-17 16:44:36 - INFO | Discovered sample: [DICOM] /home/rflaherty/test_dicoms/sub-01_ses-20240517-02_rec-PSN-on/20241022/91_0009_gremt-cs4-f100-fa25-1iso-ellip83-rr/original-primary-m-none_e09_0001.dcm
2025-12-17 16:44:38 - INFO | Discovered sample: [DICOM] /home/rflaherty/test_dicoms/sub-01_ses-20240517-02_rec-PSN-on/20241022/91_0010_gremt-cs6-f4-fa10-1iso-ellip79-rr/original-primary-m-none_e09_0001.dcm
2025-12-17 16:44:39 - INFO | Discovered sample: [DICOM] /home/rflaherty/test_dicoms/sub-01_ses-20240517-02_rec-PSN-on/20241022/91_0011_gremt-cs6-f100-fa6-1iso-ellip79-rr/original-primary-m-none_e09_0001.dcm
2025-12-17 16:44:41 - INFO | Discovered sample: [DICOM] /home/rflaherty/test_dicoms/sub-01_ses-20240517-02_rec-PSN-on/20241022/91_0012_gremt-cs6-f100-fa10-1iso-ellip79-rr/original-primary-m-none_e09_0001.dcm
2025-12-17 16:44:42 - INFO | Discovered sample: [DICOM] /home/rflaherty/test_dicoms/sub-01_ses-20240517-02_rec-PSN-on/20241022/91_0013_gremt-cs9-f4-fa10-1iso-ellip76-rr/original-primary-m-none_e09_0001.dcm
2025-12-17 16:44:44 - INFO | Discovered sample: [DICOM] /home/rflaherty/test_dicoms/sub-01_ses-20240517-02_rec-PSN-on/20241022/91_0014_gremt-cs9-f100-fa6-1iso-ellip76-rr/original-primary-m-none_e09_0001.dcm
2025-12-17 16:44:45 - INFO | Discovered sample: [DICOM] /home/rflaherty/test_dicoms/sub-01_ses-20240517-02_rec-PSN-on/20241022/91_0015_gremt-cs9-f100-fa10-1iso-ellip76-rr/original-primary-m-none_e09_0001.dcm
2025-12-17 16:44:47 - INFO | Discovered sample: [DICOM] /home/rflaherty/test_dicoms/sub-01_ses-20240517-02_rec-PSN-on/20241022/91_0016_gremt-cs9-f100-fa25-1iso-ellip76-rr/original-primary-m-none_e09_0001.dcm
2025-12-17 16:44:48 - INFO | Discovered sample: [DICOM] /home/rflaherty/test_dicoms/sub-01_ses-20240517-02_rec-PSN-on/20241022/91_0017_gremt-cs6-f100-fa25-1iso-ellip79-rr/original-primary-m-none_e09_0001.dcm
2025-12-17 16:44:48 - VERBOSE | Executing plugin: events2bids -> /home/rflaherty/test_dicoms/sub-01_ses-20240517-02_rec-PSN-on
2025-12-17 16:44:48 - INFO | Mapping: /home/rflaherty/test_dicoms/sub-01_ses-20240718-02_rec-PSN-on (subject 3/10)
2025-12-17 16:44:48 - VERBOSE | Executing plugin: dcm2niix2bids -> /home/rflaherty/test_dicoms/sub-01_ses-20240718-02_rec-PSN-on
2025-12-17 16:45:07 - VERBOSE | Executing plugin: events2bids -> /home/rflaherty/test_dicoms/sub-01_ses-20240718-02_rec-PSN-on
2025-12-17 16:45:07 - INFO | Mapping: /home/rflaherty/test_dicoms/sub-01_ses-20250319_rec-PSN-on (subject 4/10)
2025-12-17 16:45:07 - VERBOSE | Executing plugin: dcm2niix2bids -> /home/rflaherty/test_dicoms/sub-01_ses-20250319_rec-PSN-on
2025-12-17 16:45:08 - INFO | Discovered sample: [DICOM] /home/rflaherty/test_dicoms/sub-01_ses-20250319_rec-PSN-on/20250825/00_0001_gremt-cs4-f100-fa25-1iso-ellip83-rr/original-primary-m-none_e09_0001.dcm
2025-12-17 16:45:10 - INFO | Discovered sample: [DICOM] /home/rflaherty/test_dicoms/sub-01_ses-20250319_rec-PSN-on/20250825/00_0003_gremt-cs4-f100-fa6-1iso-ellip83-rr/original-primary-m-none_e09_0001.dcm
2025-12-17 16:45:11 - INFO | Discovered sample: [DICOM] /home/rflaherty/test_dicoms/sub-01_ses-20250319_rec-PSN-on/20250825/00_0005_gremt-cs4-f100-fa10-1iso-ellip83-rr/original-primary-m-none_e09_0001.dcm
2025-12-17 16:45:12 - INFO | Discovered sample: [DICOM] /home/rflaherty/test_dicoms/sub-01_ses-20250319_rec-PSN-on/20250825/00_0007_gremt-cs4-f4-fa10-1iso-ellip83-rr/original-primary-m-none_e09_0001.dcm
2025-12-17 16:45:12 - VERBOSE | Executing plugin: events2bids -> /home/rflaherty/test_dicoms/sub-01_ses-20250319_rec-PSN-on
2025-12-17 16:45:12 - INFO | Mapping: /home/rflaherty/test_dicoms/sub-01_ses-20251121_acq-vibeMTc9_rec-DL6weak_rec-PSN-on-off (subject 5/10)
2025-12-17 16:45:12 - VERBOSE | Executing plugin: dcm2niix2bids -> /home/rflaherty/test_dicoms/sub-01_ses-20251121_acq-vibeMTc9_rec-DL6weak_rec-PSN-on-off
2025-12-17 16:45:14 - INFO | Discovered sample: [DICOM] /home/rflaherty/test_dicoms/sub-01_ses-20251121_acq-vibeMTc9_rec-DL6weak_rec-PSN-on-off/20250828/91_0001_vibemt-c9-f100-fa25-1iso-psnon/original-primary-m-none_e09_0001.dcm
2025-12-17 16:45:15 - INFO | Discovered sample: [DICOM] /home/rflaherty/test_dicoms/sub-01_ses-20251121_acq-vibeMTc9_rec-DL6weak_rec-PSN-on-off/20250828/91_0002_vibemt-c9-f100-fa25-1iso-psnoff/original-primary-m-none_e09_0001.dcm
2025-12-17 16:45:17 - INFO | Discovered sample: [DICOM] /home/rflaherty/test_dicoms/sub-01_ses-20251121_acq-vibeMTc9_rec-DL6weak_rec-PSN-on-off/20250828/91_0003_vibemt-c9-f100-fa6-1iso-psnon/original-primary-m-none_e09_0001.dcm
2025-12-17 16:45:18 - INFO | Discovered sample: [DICOM] /home/rflaherty/test_dicoms/sub-01_ses-20251121_acq-vibeMTc9_rec-DL6weak_rec-PSN-on-off/20250828/91_0004_vibemt-c9-f100-fa6-1iso-psnoff/original-primary-m-none_e09_0001.dcm
2025-12-17 16:45:20 - INFO | Discovered sample: [DICOM] /home/rflaherty/test_dicoms/sub-01_ses-20251121_acq-vibeMTc9_rec-DL6weak_rec-PSN-on-off/20250828/91_0005_vibemt-c9-f100-fa10-1iso-psnon/original-primary-m-none_e09_0001.dcm
2025-12-17 16:45:21 - INFO | Discovered sample: [DICOM] /home/rflaherty/test_dicoms/sub-01_ses-20251121_acq-vibeMTc9_rec-DL6weak_rec-PSN-on-off/20250828/91_0006_vibemt-c9-f100-fa10-1iso-psnoff/original-primary-m-none_e09_0001.dcm
2025-12-17 16:45:22 - INFO | Discovered sample: [DICOM] /home/rflaherty/test_dicoms/sub-01_ses-20251121_acq-vibeMTc9_rec-DL6weak_rec-PSN-on-off/20250828/91_0007_vibemt-c9-f4-fa10-1iso-psnon/original-primary-m-none_e09_0001.dcm
2025-12-17 16:45:24 - INFO | Discovered sample: [DICOM] /home/rflaherty/test_dicoms/sub-01_ses-20251121_acq-vibeMTc9_rec-DL6weak_rec-PSN-on-off/20250828/91_0008_vibemt-c9-f4-fa10-1iso-psnoff/original-primary-m-none_e09_0001.dcm
2025-12-17 16:45:24 - VERBOSE | Executing plugin: events2bids -> /home/rflaherty/test_dicoms/sub-01_ses-20251121_acq-vibeMTc9_rec-DL6weak_rec-PSN-on-off
2025-12-17 16:45:24 - INFO | Mapping: /home/rflaherty/test_dicoms/sub-02 (subject 6/10)
2025-12-17 16:45:24 - VERBOSE | Executing plugin: dcm2niix2bids -> /home/rflaherty/test_dicoms/sub-02
2025-12-17 16:45:43 - INFO | Discovered sample: [DICOM] /home/rflaherty/test_dicoms/sub-02/20240828/00_0019_vibemt-cs9-f4-fa10-1iso-ellip70/original-primary-m-none_e09_0001.dcm
2025-12-17 16:45:45 - INFO | Discovered sample: [DICOM] /home/rflaherty/test_dicoms/sub-02/20240828/00_0026_vibemt-cs9-f100-fa10-1iso-ellip70/original-primary-m-none_e09_0001.dcm
2025-12-17 16:46:04 - INFO | Discovered sample: [DICOM] /home/rflaherty/test_dicoms/sub-02/20240828/00_0039_vibemt-cs9-f100-fa6-1iso-ellip70/original-primary-m-none_e09_0001.dcm
2025-12-17 16:46:06 - INFO | Discovered sample: [DICOM] /home/rflaherty/test_dicoms/sub-02/20240828/00_0040_vibemt-cs9-f100-fa25-1iso-ellip70/original-primary-m-none_e09_0001.dcm
2025-12-17 16:46:07 - INFO | Discovered sample: [DICOM] /home/rflaherty/test_dicoms/sub-02/20240828/00_0041_vibemt-cs9-f100-fa25-1iso-ellip70-rr/original-primary-m-none_e09_0001.dcm
2025-12-17 16:46:08 - INFO | Discovered sample: [DICOM] /home/rflaherty/test_dicoms/sub-02/20240828/00_0042_vibemt-cs9-f100-fa6-1iso-ellip70-rr/original-primary-m-none_e09_0001.dcm
2025-12-17 16:46:10 - INFO | Discovered sample: [DICOM] /home/rflaherty/test_dicoms/sub-02/20240828/00_0043_vibemt-cs9-f100-fa10-1iso-ellip70-rr/original-primary-m-none_e09_0001.dcm
2025-12-17 16:46:11 - INFO | Discovered sample: [DICOM] /home/rflaherty/test_dicoms/sub-02/20240828/00_0044_vibemt-cs9-f4-fa10-1iso-ellip70-rr/original-primary-m-none_e09_0001.dcm
2025-12-17 16:46:18 - VERBOSE | Executing plugin: events2bids -> /home/rflaherty/test_dicoms/sub-02
2025-12-17 16:46:18 - INFO | Mapping: /home/rflaherty/test_dicoms/sub-02_ses-20240828-02_rec-PSN-on (subject 7/10)
2025-12-17 16:46:18 - VERBOSE | Executing plugin: dcm2niix2bids -> /home/rflaherty/test_dicoms/sub-02_ses-20240828-02_rec-PSN-on
2025-12-17 16:46:40 - VERBOSE | Executing plugin: events2bids -> /home/rflaherty/test_dicoms/sub-02_ses-20240828-02_rec-PSN-on
2025-12-17 16:46:40 - INFO | Mapping: /home/rflaherty/test_dicoms/sub-02_ses-20241024_acq-greMTcs9_rec-CC-off (subject 8/10)
2025-12-17 16:46:40 - VERBOSE | Executing plugin: dcm2niix2bids -> /home/rflaherty/test_dicoms/sub-02_ses-20241024_acq-greMTcs9_rec-CC-off
2025-12-17 16:46:50 - INFO | Discovered sample: [DICOM] /home/rflaherty/test_dicoms/sub-02_ses-20241024_acq-greMTcs9_rec-CC-off/20241024/38928_0011_t1-mpr-fwe-1iso-cs4-6/original-primary-m-none_e09_0001.dcm
2025-12-17 16:46:59 - WARNING | Not all .dcm-files in '/home/rflaherty/test_dicoms/sub-02_ses-20241024_acq-greMTcs9_rec-CC-off/20241024/38928_0099_phoenixzipreport' have the same size. This may be OK but can also be indicative of a truncated acquisition or file corruption(s)
2025-12-17 16:46:59 - VERBOSE | Executing plugin: events2bids -> /home/rflaherty/test_dicoms/sub-02_ses-20241024_acq-greMTcs9_rec-CC-off
2025-12-17 16:46:59 - INFO | Mapping: /home/rflaherty/test_dicoms/sub-03 (subject 9/10)
2025-12-17 16:46:59 - VERBOSE | Executing plugin: dcm2niix2bids -> /home/rflaherty/test_dicoms/sub-03
2025-12-17 16:47:36 - WARNING | Not all .dcm-files in '/home/rflaherty/test_dicoms/sub-03/20240903/982_0099_phoenixzipreport' have the same size. This may be OK but can also be indicative of a truncated acquisition or file corruption(s)
2025-12-17 16:47:38 - INFO | Discovered sample: [DICOM] /home/rflaherty/test_dicoms/sub-03/20240910/982_0043_vibemt-c6-f4-fa10-1iso-rr/original-primary-m-none_e09_0001.dcm
2025-12-17 16:47:39 - INFO | Discovered sample: [DICOM] /home/rflaherty/test_dicoms/sub-03/20240910/982_0044_vibemt-c6-f100-fa10-1iso-rr/original-primary-m-none_e09_0001.dcm
2025-12-17 16:47:41 - INFO | Discovered sample: [DICOM] /home/rflaherty/test_dicoms/sub-03/20240910/982_0045_vibemt-c6-f100-fa6-1iso-rr/original-primary-m-none_e09_0001.dcm
2025-12-17 16:47:42 - INFO | Discovered sample: [DICOM] /home/rflaherty/test_dicoms/sub-03/20240910/982_0046_vibemt-c6-f100-fa25-1iso-rr/original-primary-m-none_e09_0001.dcm
2025-12-17 16:47:44 - INFO | Discovered sample: [DICOM] /home/rflaherty/test_dicoms/sub-03/20240910/982_0047_vibemt-c9-f4-fa10-1iso-rr/original-primary-m-none_e09_0001.dcm
2025-12-17 16:47:45 - INFO | Discovered sample: [DICOM] /home/rflaherty/test_dicoms/sub-03/20240910/982_0048_vibemt-c9-f100-fa10-1iso-rr/original-primary-m-none_e09_0001.dcm
2025-12-17 16:47:47 - INFO | Discovered sample: [DICOM] /home/rflaherty/test_dicoms/sub-03/20240910/982_0049_vibemt-c9-f100-fa6-1iso-rr/original-primary-m-none_e09_0001.dcm
2025-12-17 16:47:48 - INFO | Discovered sample: [DICOM] /home/rflaherty/test_dicoms/sub-03/20240910/982_0050_vibemt-c9-f100-fa25-1iso-rr/original-primary-m-none_e09_0001.dcm
2025-12-17 16:47:50 - INFO | Discovered sample: [DICOM] /home/rflaherty/test_dicoms/sub-03/20240910/982_0051_vibemt-c4-f4-fa10-1iso-rr/original-primary-m-none_e09_0001.dcm
2025-12-17 16:47:51 - INFO | Discovered sample: [DICOM] /home/rflaherty/test_dicoms/sub-03/20240910/982_0052_vibemt-c4-f100-fa10-1iso-rr/original-primary-m-none_e09_0001.dcm
2025-12-17 16:47:53 - INFO | Discovered sample: [DICOM] /home/rflaherty/test_dicoms/sub-03/20240910/982_0053_vibemt-c4-f100-fa25-1iso-rr/original-primary-m-none_e09_0001.dcm
2025-12-17 16:47:54 - INFO | Discovered sample: [DICOM] /home/rflaherty/test_dicoms/sub-03/20240910/982_0054_vibemt-c4-f100-fa6-1iso-rr/original-primary-m-none_e09_0001.dcm
2025-12-17 16:47:56 - INFO | Discovered sample: [DICOM] /home/rflaherty/test_dicoms/sub-03/20240925/982_0059_vibemt-c4-f100-fa25-1iso-rr-rr-noisestddev/original-primary-m-none_e09_0001.dcm
2025-12-17 16:47:57 - INFO | Discovered sample: [DICOM] /home/rflaherty/test_dicoms/sub-03/20240925/982_0059_vibemt-c6-f100-fa25-1iso-rr-rr-noisestddev/original-primary-m-none_e09_0001.dcm
2025-12-17 16:47:59 - INFO | Discovered sample: [DICOM] /home/rflaherty/test_dicoms/sub-03/20240925/982_0059_vibemt-c9-f100-fa25-1iso-rr-rr-noisestddev/original-primary-m-none_e09_0001.dcm
2025-12-17 16:48:00 - INFO | Discovered sample: [DICOM] /home/rflaherty/test_dicoms/sub-03/20240925/982_0083_vibemt-c4-f100-fa25-1iso-rr-rr-noise/original-primary-m-none_e09_0001.dcm
2025-12-17 16:48:02 - INFO | Discovered sample: [DICOM] /home/rflaherty/test_dicoms/sub-03/20240925/982_0084_vibemt-c4-f100-fa25-1iso-rr-rr-mean/original-primary-m-none_e09_0001.dcm
2025-12-17 16:48:03 - INFO | Discovered sample: [DICOM] /home/rflaherty/test_dicoms/sub-03/20240925/982_0085_vibemt-c4-f100-fa25-1iso-rr-rr-snr/original-primary-snr-none_e09_0001.dcm
2025-12-17 16:48:05 - INFO | Discovered sample: [DICOM] /home/rflaherty/test_dicoms/sub-03/20240925/982_0086_vibemt-c6-f100-fa25-1iso-rr-rr-noise/original-primary-m-none_e09_0001.dcm
2025-12-17 16:48:06 - INFO | Discovered sample: [DICOM] /home/rflaherty/test_dicoms/sub-03/20240925/982_0087_vibemt-c6-f100-fa25-1iso-rr-rr-mean/original-primary-m-none_e09_0001.dcm
2025-12-17 16:48:08 - INFO | Discovered sample: [DICOM] /home/rflaherty/test_dicoms/sub-03/20240925/982_0088_vibemt-c6-f100-fa25-1iso-rr-rr-snr/original-primary-snr-none_e09_0001.dcm
2025-12-17 16:48:09 - INFO | Discovered sample: [DICOM] /home/rflaherty/test_dicoms/sub-03/20240925/982_0089_vibemt-c9-f100-fa25-1iso-rr-rr-noise/original-primary-m-none_e09_0001.dcm
2025-12-17 16:48:11 - INFO | Discovered sample: [DICOM] /home/rflaherty/test_dicoms/sub-03/20240925/982_0090_vibemt-c9-f100-fa25-1iso-rr-rr-mean/original-primary-m-none_e09_0001.dcm
2025-12-17 16:48:13 - INFO | Discovered sample: [DICOM] /home/rflaherty/test_dicoms/sub-03/20240925/982_0091_vibemt-c9-f100-fa25-1iso-rr-rr-snr/original-primary-snr-none_e09_0001.dcm
2025-12-17 16:48:13 - VERBOSE | Executing plugin: events2bids -> /home/rflaherty/test_dicoms/sub-03
2025-12-17 16:48:13 - INFO | Mapping: /home/rflaherty/test_dicoms/sub-03_ses-20240903-02_rec-PSN-on (subject 10/10)
2025-12-17 16:48:13 - VERBOSE | Executing plugin: dcm2niix2bids -> /home/rflaherty/test_dicoms/sub-03_ses-20240903-02_rec-PSN-on
2025-12-17 16:48:32 - VERBOSE | Executing plugin: events2bids -> /home/rflaherty/test_dicoms/sub-03_ses-20240903-02_rec-PSN-on
2025-12-17 16:48:32 - INFO | Opening the bidseditor
2025-12-17 17:10:20 - INFO | 
2025-12-17 17:10:20 - INFO | -------------- START BIDSmapper ------------
2025-12-17 17:10:20 - INFO | >>> bidsmapper sourcefolder=/home/rflaherty/test_dicoms bidsfolder=/home/rflaherty/normabrain/bids bidsmap=bidsmap.yaml template=/home/rflaherty/.bidscoin/4.6.2/templates/bidsmap_dccn.yaml plugins=[] subprefix=None sesprefix=None store=False force=False
2025-12-17 17:10:20 - INFO | No bidsmap file found: /home/rflaherty/normabrain/bids/code/bidscoin/bidsmap.yaml
2025-12-17 17:10:20 - INFO | Reading: /home/rflaherty/.bidscoin/4.6.2/templates/bidsmap_dccn.yaml
2025-12-17 17:10:20 - INFO | Checking the bidsmap run-items:
2025-12-17 17:10:21 - VERBOSE | Could not validate every run-item in the bidsmap
2025-12-17 17:10:21 - VERBOSE | Checking the template bidsmap datatypes:
2025-12-17 17:10:21 - SUCCESS | All datatypes and options in the template bidsmap are valid
2025-12-17 17:10:21 - INFO | Mapping: /home/rflaherty/test_dicoms/sub-01 (subject 1/10)
2025-12-17 17:10:21 - VERBOSE | Executing plugin: dcm2niix2bids -> /home/rflaherty/test_dicoms/sub-01
2025-12-17 17:10:21 - INFO | Discovered sample: [DICOM] /home/rflaherty/test_dicoms/sub-01/20240517/582_0006_tfl-b1map-sag/original-primary-flip-angle-map-none_e09_0001.dcm
2025-12-17 17:10:21 - INFO | Discovered sample: [DICOM] /home/rflaherty/test_dicoms/sub-01/20240517/582_0008_tfl-b1map-sag/original-primary-flip-angle-map-none_e09_0001.dcm
2025-12-17 17:10:23 - INFO | Discovered sample: [DICOM] /home/rflaherty/test_dicoms/sub-01/20240517/582_0011_vibemt-c4-f100-fa25-1iso/original-primary-m-none_e09_0001.dcm
2025-12-17 17:10:24 - INFO | Discovered sample: [DICOM] /home/rflaherty/test_dicoms/sub-01/20240517/582_0012_vibemt-c4-f100-fa6-1iso/original-primary-m-none_e09_0001.dcm
2025-12-17 17:10:25 - INFO | Discovered sample: [DICOM] /home/rflaherty/test_dicoms/sub-01/20240517/582_0013_vibemt-c6-f4-fa10-1iso/original-primary-m-none_e09_0001.dcm
2025-12-17 17:10:27 - INFO | Discovered sample: [DICOM] /home/rflaherty/test_dicoms/sub-01/20240517/582_0014_vibemt-c6-f100-fa10-1iso/original-primary-m-none_e09_0001.dcm
2025-12-17 17:10:28 - INFO | Discovered sample: [DICOM] /home/rflaherty/test_dicoms/sub-01/20240517/582_0015_vibemt-c6-f100-fa6-1iso/original-primary-m-none_e09_0001.dcm
2025-12-17 17:10:29 - INFO | Discovered sample: [DICOM] /home/rflaherty/test_dicoms/sub-01/20240517/582_0016_vibemt-c6-f100-fa25-1iso/original-primary-m-none_e09_0001.dcm
2025-12-17 17:10:31 - INFO | Discovered sample: [DICOM] /home/rflaherty/test_dicoms/sub-01/20240517/582_0017_vibemt-c9-f4-fa10-1iso/original-primary-m-none_e09_0001.dcm
2025-12-17 17:10:32 - INFO | Discovered sample: [DICOM] /home/rflaherty/test_dicoms/sub-01/20240517/582_0018_vibemt-c4-f4-fa10-1iso/original-primary-m-none_e09_0001.dcm
2025-12-17 17:10:33 - INFO | Discovered sample: [DICOM] /home/rflaherty/test_dicoms/sub-01/20240517/582_0019_vibemt-c4-f100-fa10-1iso/original-primary-m-none_e09_0001.dcm
2025-12-17 17:10:35 - INFO | Discovered sample: [DICOM] /home/rflaherty/test_dicoms/sub-01/20240517/582_0020_vibemt-c9-f100-fa10-1iso/original-primary-m-none_e09_0001.dcm
2025-12-17 17:10:36 - INFO | Discovered sample: [DICOM] /home/rflaherty/test_dicoms/sub-01/20240517/582_0021_vibemt-c9-f100-fa6-1iso/original-primary-m-none_e09_0001.dcm
2025-12-17 17:10:37 - INFO | Discovered sample: [DICOM] /home/rflaherty/test_dicoms/sub-01/20240517/582_0022_vibemt-c9-f100-fa25-1iso/original-primary-m-none_e09_0001.dcm
2025-12-17 17:10:39 - INFO | Discovered sample: [DICOM] /home/rflaherty/test_dicoms/sub-01/20240517/582_0029_gremt-cs4-f4-fa10-1iso-ellip83/original-primary-m-none_e09_0001.dcm
2025-12-17 17:10:40 - INFO | Discovered sample: [DICOM] /home/rflaherty/test_dicoms/sub-01/20240517/582_0030_gremt-cs4-f100-fa10-1iso-ellip83/original-primary-m-none_e09_0001.dcm
2025-12-17 17:10:42 - INFO | Discovered sample: [DICOM] /home/rflaherty/test_dicoms/sub-01/20240517/582_0031_gremt-cs4-f100-fa6-1iso-ellip83/original-primary-m-none_e09_0001.dcm
2025-12-17 17:10:43 - INFO | Discovered sample: [DICOM] /home/rflaherty/test_dicoms/sub-01/20240517/582_0032_gremt-cs4-f100-fa25-1iso-ellip83/original-primary-m-none_e09_0001.dcm
2025-12-17 17:10:44 - INFO | Discovered sample: [DICOM] /home/rflaherty/test_dicoms/sub-01/20240517/582_0033_gremt-cs6-f4-fa10-1iso-ellip79/original-primary-m-none_e09_0001.dcm
2025-12-17 17:10:46 - INFO | Discovered sample: [DICOM] /home/rflaherty/test_dicoms/sub-01/20240517/582_0035_gremt-cs6-f100-fa10-1iso-ellip79/original-primary-m-none_e09_0001.dcm
2025-12-17 17:10:47 - INFO | Discovered sample: [DICOM] /home/rflaherty/test_dicoms/sub-01/20240517/582_0036_gremt-cs6-f100-fa6-1iso-ellip79/original-primary-m-none_e09_0001.dcm
2025-12-17 17:10:49 - INFO | Discovered sample: [DICOM] /home/rflaherty/test_dicoms/sub-01/20240517/582_0037_gremt-cs6-f100-fa25-1iso-ellip79/original-primary-m-none_e09_0001.dcm
2025-12-17 17:10:50 - INFO | Discovered sample: [DICOM] /home/rflaherty/test_dicoms/sub-01/20240517/582_0038_gremt-cs9-f4-fa10-1iso-ellip76/original-primary-m-none_e09_0001.dcm
2025-12-17 17:10:52 - INFO | Discovered sample: [DICOM] /home/rflaherty/test_dicoms/sub-01/20240517/582_0039_gremt-cs9-f100-fa10-1iso-ellip76/original-primary-m-none_e09_0001.dcm
2025-12-17 17:10:53 - INFO | Discovered sample: [DICOM] /home/rflaherty/test_dicoms/sub-01/20240517/582_0040_gremt-cs9-f100-fa6-1iso-ellip76/original-primary-m-none_e09_0001.dcm
2025-12-17 17:10:54 - INFO | Discovered sample: [DICOM] /home/rflaherty/test_dicoms/sub-01/20240517/582_0041_gremt-cs9-f100-fa25-1iso-ellip76/original-primary-m-none_e09_0001.dcm
2025-12-17 17:11:11 - INFO | Discovered sample: [DICOM] /home/rflaherty/test_dicoms/sub-01/20240718/91_0024_tfl-b1map-sag/original-primary-flip-angle-map-none_e09_0001.dcm
2025-12-17 17:11:32 - INFO | Discovered sample: [DICOM] /home/rflaherty/test_dicoms/sub-01/20241121/03_0006_tfl-b1map-sag/original-primary-flip-angle-map-none_e09_0001.dcm
2025-12-17 17:11:33 - INFO | Discovered sample: [DICOM] /home/rflaherty/test_dicoms/sub-01/20241121/03_0007_vibemt-c4-f4-fa10-1iso/original-primary-m-none_e09_0001.dcm
2025-12-17 17:11:35 - INFO | Discovered sample: [DICOM] /home/rflaherty/test_dicoms/sub-01/20241121/03_0008_vibemt-c4-f100-fa10-1iso/original-primary-m-none_e09_0001.dcm
2025-12-17 17:11:36 - INFO | Discovered sample: [DICOM] /home/rflaherty/test_dicoms/sub-01/20241121/03_0009_vibemt-c4-f100-fa25-1iso/original-primary-m-none_e09_0001.dcm
2025-12-17 17:11:38 - INFO | Discovered sample: [DICOM] /home/rflaherty/test_dicoms/sub-01/20241121/03_0010_vibemt-c4-f100-fa6-1iso/original-primary-m-none_e09_0001.dcm
2025-12-17 17:11:39 - INFO | Discovered sample: [DICOM] /home/rflaherty/test_dicoms/sub-01/20241121/03_0011_vibemt-c6-f4-fa10-1iso/original-primary-m-none_e09_0001.dcm
2025-12-17 17:11:41 - INFO | Discovered sample: [DICOM] /home/rflaherty/test_dicoms/sub-01/20241121/03_0012_vibemt-c6-f100-fa10-1iso/original-primary-m-none_e09_0001.dcm
2025-12-17 17:11:42 - INFO | Discovered sample: [DICOM] /home/rflaherty/test_dicoms/sub-01/20241121/03_0013_vibemt-c6-f100-fa6-1iso/original-primary-m-none_e09_0001.dcm
2025-12-17 17:11:44 - INFO | Discovered sample: [DICOM] /home/rflaherty/test_dicoms/sub-01/20241121/03_0014_vibemt-c6-f100-fa25-1iso/original-primary-m-none_e09_0001.dcm
2025-12-17 17:11:45 - INFO | Discovered sample: [DICOM] /home/rflaherty/test_dicoms/sub-01/20241121/03_0015_vibemt-c9-f4-fa10-1iso/original-primary-m-none_e09_0001.dcm
2025-12-17 17:11:47 - INFO | Discovered sample: [DICOM] /home/rflaherty/test_dicoms/sub-01/20241121/03_0016_vibemt-c9-f100-fa10-1iso/original-primary-m-none_e09_0001.dcm
2025-12-17 17:11:48 - INFO | Discovered sample: [DICOM] /home/rflaherty/test_dicoms/sub-01/20241121/03_0017_vibemt-c9-f100-fa6-1iso/original-primary-m-none_e09_0001.dcm
2025-12-17 17:11:50 - INFO | Discovered sample: [DICOM] /home/rflaherty/test_dicoms/sub-01/20241121/03_0018_vibemt-c9-f100-fa25-1iso/original-primary-m-none_e09_0001.dcm
2025-12-17 17:11:52 - INFO | Discovered sample: [DICOM] /home/rflaherty/test_dicoms/sub-01/20241121/03_0019_gremt-cs9-f4-fa10-1iso-ellip76/original-primary-m-none_e09_0001.dcm
2025-12-17 17:11:53 - INFO | Discovered sample: [DICOM] /home/rflaherty/test_dicoms/sub-01/20241121/03_0020_gremt-cs9-f100-fa10-1iso-ellip76/original-primary-m-none_e09_0001.dcm
2025-12-17 17:11:55 - INFO | Discovered sample: [DICOM] /home/rflaherty/test_dicoms/sub-01/20241121/03_0021_gremt-cs9-f100-fa6-1iso-ellip76/original-primary-m-none_e09_0001.dcm
2025-12-17 17:11:56 - INFO | Discovered sample: [DICOM] /home/rflaherty/test_dicoms/sub-01/20241121/03_0022_gremt-cs9-f100-fa25-1iso-ellip76/original-primary-m-none_e09_0001.dcm
2025-12-17 17:11:57 - INFO | Discovered sample: [DICOM] /home/rflaherty/test_dicoms/sub-01/20250319/00_0001_aahead-scout-64ch/original-primary-m-none_e09_0001.dcm
2025-12-17 17:11:57 - INFO | Discovered sample: [DICOM] /home/rflaherty/test_dicoms/sub-01/20250319/00_0002_aahead-scout-64ch-mpr-sag/derived-primary-mpr-resampled_e09_0001.dcm
2025-12-17 17:11:57 - INFO | Discovered sample: [DICOM] /home/rflaherty/test_dicoms/sub-01/20250319/00_0003_aahead-scout-64ch-mpr-cor/derived-primary-mpr-resampled_e09_0001.dcm
2025-12-17 17:11:57 - INFO | Discovered sample: [DICOM] /home/rflaherty/test_dicoms/sub-01/20250319/00_0004_aahead-scout-64ch-mpr-tra/derived-primary-mpr-resampled_e09_0001.dcm
2025-12-17 17:11:58 - INFO | Discovered sample: [DICOM] /home/rflaherty/test_dicoms/sub-01/20250319/00_0005_tfl-b1map-sag/original-primary-m-none_e09_0001.dcm
2025-12-17 17:11:58 - INFO | Discovered sample: [DICOM] /home/rflaherty/test_dicoms/sub-01/20250319/00_0006_tfl-b1map-sag/original-primary-flip-angle-map-none_e09_0001.dcm
2025-12-17 17:12:01 - INFO | Discovered sample: [DICOM] /home/rflaherty/test_dicoms/sub-01/20250319/00_0013_gremt-cs4-f4-fa10-1iso-ellip83/original-primary-m-none_e09_0001.dcm
2025-12-17 17:12:02 - INFO | Discovered sample: [DICOM] /home/rflaherty/test_dicoms/sub-01/20250319/00_0014_gremt-cs4-f4-fa10-1iso-ellip83/original-primary-p-none_e09_0001.dcm
2025-12-17 17:12:02 - VERBOSE | Updated [DICOM/extra_data] /home/rflaherty/test_dicoms/sub-01/20250319/00_0014_gremt-cs4-f4-fa10-1iso-ellip83/original-primary-p-none_e09_0001.dcm entity: 'part' -> 'phase' (['ORIGINAL', 'PRIMARY', 'P', 'NONE'])
2025-12-17 17:12:04 - INFO | Discovered sample: [DICOM] /home/rflaherty/test_dicoms/sub-01/20250319/00_0015_gremt-cs4-f100-fa10-1iso-ellip83/original-primary-m-none_e09_0001.dcm
2025-12-17 17:12:05 - INFO | Discovered sample: [DICOM] /home/rflaherty/test_dicoms/sub-01/20250319/00_0016_gremt-cs4-f100-fa10-1iso-ellip83/original-primary-p-none_e09_0001.dcm
2025-12-17 17:12:05 - VERBOSE | Updated [DICOM/extra_data] /home/rflaherty/test_dicoms/sub-01/20250319/00_0016_gremt-cs4-f100-fa10-1iso-ellip83/original-primary-p-none_e09_0001.dcm entity: 'part' -> 'phase' (['ORIGINAL', 'PRIMARY', 'P', 'NONE'])
2025-12-17 17:12:07 - INFO | Discovered sample: [DICOM] /home/rflaherty/test_dicoms/sub-01/20250319/00_0017_gremt-cs4-f100-fa6-1iso-ellip83/original-primary-m-none_e09_0001.dcm
2025-12-17 17:12:08 - INFO | Discovered sample: [DICOM] /home/rflaherty/test_dicoms/sub-01/20250319/00_0018_gremt-cs4-f100-fa6-1iso-ellip83/original-primary-p-none_e09_0001.dcm
2025-12-17 17:12:08 - VERBOSE | Updated [DICOM/extra_data] /home/rflaherty/test_dicoms/sub-01/20250319/00_0018_gremt-cs4-f100-fa6-1iso-ellip83/original-primary-p-none_e09_0001.dcm entity: 'part' -> 'phase' (['ORIGINAL', 'PRIMARY', 'P', 'NONE'])
2025-12-17 17:12:09 - INFO | Discovered sample: [DICOM] /home/rflaherty/test_dicoms/sub-01/20250319/00_0019_gremt-cs4-f100-fa25-1iso-ellip83/original-primary-m-none_e09_0001.dcm
2025-12-17 17:12:11 - INFO | Discovered sample: [DICOM] /home/rflaherty/test_dicoms/sub-01/20250319/00_0020_gremt-cs4-f100-fa25-1iso-ellip83/original-primary-p-none_e09_0001.dcm
2025-12-17 17:12:11 - VERBOSE | Updated [DICOM/extra_data] /home/rflaherty/test_dicoms/sub-01/20250319/00_0020_gremt-cs4-f100-fa25-1iso-ellip83/original-primary-p-none_e09_0001.dcm entity: 'part' -> 'phase' (['ORIGINAL', 'PRIMARY', 'P', 'NONE'])
2025-12-17 17:12:12 - INFO | Discovered sample: [DICOM] /home/rflaherty/test_dicoms/sub-01/20250319/00_0021_gremt-cs6-f4-fa10-1iso-ellip79/original-primary-m-none_e09_0001.dcm
2025-12-17 17:12:13 - INFO | Discovered sample: [DICOM] /home/rflaherty/test_dicoms/sub-01/20250319/00_0022_gremt-cs6-f4-fa10-1iso-ellip79/original-primary-p-none_e09_0001.dcm
2025-12-17 17:12:13 - VERBOSE | Updated [DICOM/extra_data] /home/rflaherty/test_dicoms/sub-01/20250319/00_0022_gremt-cs6-f4-fa10-1iso-ellip79/original-primary-p-none_e09_0001.dcm entity: 'part' -> 'phase' (['ORIGINAL', 'PRIMARY', 'P', 'NONE'])
2025-12-17 17:12:15 - INFO | Discovered sample: [DICOM] /home/rflaherty/test_dicoms/sub-01/20250319/00_0023_gremt-cs6-f100-fa10-1iso-ellip79/original-primary-m-none_e09_0001.dcm
2025-12-17 17:12:16 - INFO | Discovered sample: [DICOM] /home/rflaherty/test_dicoms/sub-01/20250319/00_0024_gremt-cs6-f100-fa10-1iso-ellip79/original-primary-p-none_e09_0001.dcm
2025-12-17 17:12:16 - VERBOSE | Updated [DICOM/extra_data] /home/rflaherty/test_dicoms/sub-01/20250319/00_0024_gremt-cs6-f100-fa10-1iso-ellip79/original-primary-p-none_e09_0001.dcm entity: 'part' -> 'phase' (['ORIGINAL', 'PRIMARY', 'P', 'NONE'])
2025-12-17 17:12:18 - INFO | Discovered sample: [DICOM] /home/rflaherty/test_dicoms/sub-01/20250319/00_0025_gremt-cs6-f100-fa6-1iso-ellip79/original-primary-m-none_e09_0001.dcm
2025-12-17 17:12:20 - INFO | Discovered sample: [DICOM] /home/rflaherty/test_dicoms/sub-01/20250319/00_0026_gremt-cs6-f100-fa6-1iso-ellip79/original-primary-p-none_e09_0001.dcm
2025-12-17 17:12:20 - VERBOSE | Updated [DICOM/extra_data] /home/rflaherty/test_dicoms/sub-01/20250319/00_0026_gremt-cs6-f100-fa6-1iso-ellip79/original-primary-p-none_e09_0001.dcm entity: 'part' -> 'phase' (['ORIGINAL', 'PRIMARY', 'P', 'NONE'])
2025-12-17 17:12:21 - INFO | Discovered sample: [DICOM] /home/rflaherty/test_dicoms/sub-01/20250319/00_0027_gremt-cs6-f100-fa25-1iso-ellip79/original-primary-m-none_e09_0001.dcm
2025-12-17 17:12:22 - INFO | Discovered sample: [DICOM] /home/rflaherty/test_dicoms/sub-01/20250319/00_0028_gremt-cs6-f100-fa25-1iso-ellip79/original-primary-p-none_e09_0001.dcm
2025-12-17 17:12:22 - VERBOSE | Updated [DICOM/extra_data] /home/rflaherty/test_dicoms/sub-01/20250319/00_0028_gremt-cs6-f100-fa25-1iso-ellip79/original-primary-p-none_e09_0001.dcm entity: 'part' -> 'phase' (['ORIGINAL', 'PRIMARY', 'P', 'NONE'])
2025-12-17 17:12:25 - INFO | Discovered sample: [DICOM] /home/rflaherty/test_dicoms/sub-01/20250319/00_0030_gremt-cs9-f4-fa10-1iso-ellip76/original-primary-p-none_e09_0001.dcm
2025-12-17 17:12:25 - VERBOSE | Updated [DICOM/extra_data] /home/rflaherty/test_dicoms/sub-01/20250319/00_0030_gremt-cs9-f4-fa10-1iso-ellip76/original-primary-p-none_e09_0001.dcm entity: 'part' -> 'phase' (['ORIGINAL', 'PRIMARY', 'P', 'NONE'])
2025-12-17 17:12:28 - INFO | Discovered sample: [DICOM] /home/rflaherty/test_dicoms/sub-01/20250319/00_0032_gremt-cs9-f100-fa10-1iso-ellip76/original-primary-p-none_e09_0001.dcm
2025-12-17 17:12:28 - VERBOSE | Updated [DICOM/extra_data] /home/rflaherty/test_dicoms/sub-01/20250319/00_0032_gremt-cs9-f100-fa10-1iso-ellip76/original-primary-p-none_e09_0001.dcm entity: 'part' -> 'phase' (['ORIGINAL', 'PRIMARY', 'P', 'NONE'])
2025-12-17 17:12:29 - INFO | Discovered sample: [DICOM] /home/rflaherty/test_dicoms/sub-01/20250319/00_0033_gremt-cs9-f100-fa6-1iso-ellip76/original-primary-m-none_e09_0001.dcm
2025-12-17 17:12:30 - INFO | Discovered sample: [DICOM] /home/rflaherty/test_dicoms/sub-01/20250319/00_0034_gremt-cs9-f100-fa6-1iso-ellip76/original-primary-p-none_e09_0001.dcm
2025-12-17 17:12:30 - VERBOSE | Updated [DICOM/extra_data] /home/rflaherty/test_dicoms/sub-01/20250319/00_0034_gremt-cs9-f100-fa6-1iso-ellip76/original-primary-p-none_e09_0001.dcm entity: 'part' -> 'phase' (['ORIGINAL', 'PRIMARY', 'P', 'NONE'])
2025-12-17 17:12:32 - INFO | Discovered sample: [DICOM] /home/rflaherty/test_dicoms/sub-01/20250319/00_0035_gremt-cs9-f100-fa25-1iso-ellip76/original-primary-m-none_e09_0001.dcm
2025-12-17 17:12:33 - INFO | Discovered sample: [DICOM] /home/rflaherty/test_dicoms/sub-01/20250319/00_0036_gremt-cs9-f100-fa25-1iso-ellip76/original-primary-p-none_e09_0001.dcm
2025-12-17 17:12:33 - VERBOSE | Updated [DICOM/extra_data] /home/rflaherty/test_dicoms/sub-01/20250319/00_0036_gremt-cs9-f100-fa25-1iso-ellip76/original-primary-p-none_e09_0001.dcm entity: 'part' -> 'phase' (['ORIGINAL', 'PRIMARY', 'P', 'NONE'])
2025-12-17 17:12:33 - WARNING | Not all .dcm-files in '/home/rflaherty/test_dicoms/sub-01/20250319/00_0099_phoenixzipreport' have the same size. This may be OK but can also be indicative of a truncated acquisition or file corruption(s)
2025-12-17 17:12:33 - INFO | Discovered sample: [DICOM] /home/rflaherty/test_dicoms/sub-01/20250319/00_0099_phoenixzipreport/original-primary-other-csa-report_e09_0001.dcm
2025-12-17 17:12:33 - INFO | Discovered sample: [DICOM] /home/rflaherty/test_dicoms/sub-01/20250728/890_0005_gre-field-mapping/original-primary-p-none_e09_0001.dcm
2025-12-17 17:12:35 - INFO | Discovered sample: [DICOM] /home/rflaherty/test_dicoms/sub-01/20250728/890_0008_vibemt-c4-f4-fa10-1iso/original-primary-m-none_e09_0001.dcm
2025-12-17 17:12:37 - INFO | Discovered sample: [DICOM] /home/rflaherty/test_dicoms/sub-01/20250728/890_0009_vibemt-c4-f4-fa10-1iso/original-primary-p-none_e09_0001.dcm
2025-12-17 17:12:37 - VERBOSE | Updated [DICOM/extra_data] /home/rflaherty/test_dicoms/sub-01/20250728/890_0009_vibemt-c4-f4-fa10-1iso/original-primary-p-none_e09_0001.dcm entity: 'part' -> 'phase' (['ORIGINAL', 'PRIMARY', 'P', 'NONE'])
2025-12-17 17:12:38 - INFO | Discovered sample: [DICOM] /home/rflaherty/test_dicoms/sub-01/20250728/890_0010_vibemt-c4-f100-fa10-1iso/original-primary-m-none_e09_0001.dcm
2025-12-17 17:12:40 - INFO | Discovered sample: [DICOM] /home/rflaherty/test_dicoms/sub-01/20250728/890_0011_vibemt-c4-f100-fa10-1iso/original-primary-p-none_e09_0001.dcm
2025-12-17 17:12:40 - VERBOSE | Updated [DICOM/extra_data] /home/rflaherty/test_dicoms/sub-01/20250728/890_0011_vibemt-c4-f100-fa10-1iso/original-primary-p-none_e09_0001.dcm entity: 'part' -> 'phase' (['ORIGINAL', 'PRIMARY', 'P', 'NONE'])
2025-12-17 17:12:41 - INFO | Discovered sample: [DICOM] /home/rflaherty/test_dicoms/sub-01/20250728/890_0012_vibemt-c4-f100-fa6-1iso/original-primary-m-none_e09_0001.dcm
2025-12-17 17:12:43 - INFO | Discovered sample: [DICOM] /home/rflaherty/test_dicoms/sub-01/20250728/890_0013_vibemt-c4-f100-fa6-1iso/original-primary-p-none_e09_0001.dcm
2025-12-17 17:12:43 - VERBOSE | Updated [DICOM/extra_data] /home/rflaherty/test_dicoms/sub-01/20250728/890_0013_vibemt-c4-f100-fa6-1iso/original-primary-p-none_e09_0001.dcm entity: 'part' -> 'phase' (['ORIGINAL', 'PRIMARY', 'P', 'NONE'])
2025-12-17 17:12:44 - INFO | Discovered sample: [DICOM] /home/rflaherty/test_dicoms/sub-01/20250728/890_0014_vibemt-c4-f100-fa25-1iso/original-primary-m-none_e09_0001.dcm
2025-12-17 17:12:46 - INFO | Discovered sample: [DICOM] /home/rflaherty/test_dicoms/sub-01/20250728/890_0015_vibemt-c4-f100-fa25-1iso/original-primary-p-none_e09_0001.dcm
2025-12-17 17:12:46 - VERBOSE | Updated [DICOM/extra_data] /home/rflaherty/test_dicoms/sub-01/20250728/890_0015_vibemt-c4-f100-fa25-1iso/original-primary-p-none_e09_0001.dcm entity: 'part' -> 'phase' (['ORIGINAL', 'PRIMARY', 'P', 'NONE'])
2025-12-17 17:12:48 - INFO | Discovered sample: [DICOM] /home/rflaherty/test_dicoms/sub-01/20250728/890_0016_vibemt-c6-f4-fa10-1iso/original-primary-m-none_e09_0001.dcm
2025-12-17 17:12:49 - INFO | Discovered sample: [DICOM] /home/rflaherty/test_dicoms/sub-01/20250728/890_0017_vibemt-c6-f4-fa10-1iso/original-primary-p-none_e09_0001.dcm
2025-12-17 17:12:49 - VERBOSE | Updated [DICOM/extra_data] /home/rflaherty/test_dicoms/sub-01/20250728/890_0017_vibemt-c6-f4-fa10-1iso/original-primary-p-none_e09_0001.dcm entity: 'part' -> 'phase' (['ORIGINAL', 'PRIMARY', 'P', 'NONE'])
2025-12-17 17:12:50 - INFO | Discovered sample: [DICOM] /home/rflaherty/test_dicoms/sub-01/20250728/890_0018_vibemt-c6-f100-fa10-1iso/original-primary-m-none_e09_0001.dcm
2025-12-17 17:12:52 - INFO | Discovered sample: [DICOM] /home/rflaherty/test_dicoms/sub-01/20250728/890_0019_vibemt-c6-f100-fa10-1iso/original-primary-p-none_e09_0001.dcm
2025-12-17 17:12:52 - VERBOSE | Updated [DICOM/extra_data] /home/rflaherty/test_dicoms/sub-01/20250728/890_0019_vibemt-c6-f100-fa10-1iso/original-primary-p-none_e09_0001.dcm entity: 'part' -> 'phase' (['ORIGINAL', 'PRIMARY', 'P', 'NONE'])
2025-12-17 17:12:53 - INFO | Discovered sample: [DICOM] /home/rflaherty/test_dicoms/sub-01/20250728/890_0020_vibemt-c6-f100-fa6-1iso/original-primary-m-none_e09_0001.dcm
2025-12-17 17:12:55 - INFO | Discovered sample: [DICOM] /home/rflaherty/test_dicoms/sub-01/20250728/890_0021_vibemt-c6-f100-fa6-1iso/original-primary-p-none_e09_0001.dcm
2025-12-17 17:12:55 - VERBOSE | Updated [DICOM/extra_data] /home/rflaherty/test_dicoms/sub-01/20250728/890_0021_vibemt-c6-f100-fa6-1iso/original-primary-p-none_e09_0001.dcm entity: 'part' -> 'phase' (['ORIGINAL', 'PRIMARY', 'P', 'NONE'])
2025-12-17 17:12:56 - INFO | Discovered sample: [DICOM] /home/rflaherty/test_dicoms/sub-01/20250728/890_0022_vibemt-c6-f100-fa25-1iso/original-primary-m-none_e09_0001.dcm
2025-12-17 17:12:57 - INFO | Discovered sample: [DICOM] /home/rflaherty/test_dicoms/sub-01/20250728/890_0023_vibemt-c6-f100-fa25-1iso/original-primary-p-none_e09_0001.dcm
2025-12-17 17:12:57 - VERBOSE | Updated [DICOM/extra_data] /home/rflaherty/test_dicoms/sub-01/20250728/890_0023_vibemt-c6-f100-fa25-1iso/original-primary-p-none_e09_0001.dcm entity: 'part' -> 'phase' (['ORIGINAL', 'PRIMARY', 'P', 'NONE'])
2025-12-17 17:12:59 - INFO | Discovered sample: [DICOM] /home/rflaherty/test_dicoms/sub-01/20250728/890_0024_vibemt-c9-f4-fa10-1iso/original-primary-m-none_e09_0001.dcm
2025-12-17 17:13:00 - INFO | Discovered sample: [DICOM] /home/rflaherty/test_dicoms/sub-01/20250728/890_0025_vibemt-c9-f4-fa10-1iso/original-primary-p-none_e09_0001.dcm
2025-12-17 17:13:00 - VERBOSE | Updated [DICOM/extra_data] /home/rflaherty/test_dicoms/sub-01/20250728/890_0025_vibemt-c9-f4-fa10-1iso/original-primary-p-none_e09_0001.dcm entity: 'part' -> 'phase' (['ORIGINAL', 'PRIMARY', 'P', 'NONE'])
2025-12-17 17:13:02 - INFO | Discovered sample: [DICOM] /home/rflaherty/test_dicoms/sub-01/20250728/890_0026_vibemt-c9-f100-fa10-1iso/original-primary-m-none_e09_0001.dcm
2025-12-17 17:13:03 - INFO | Discovered sample: [DICOM] /home/rflaherty/test_dicoms/sub-01/20250728/890_0027_vibemt-c9-f100-fa10-1iso/original-primary-p-none_e09_0001.dcm
2025-12-17 17:13:03 - VERBOSE | Updated [DICOM/extra_data] /home/rflaherty/test_dicoms/sub-01/20250728/890_0027_vibemt-c9-f100-fa10-1iso/original-primary-p-none_e09_0001.dcm entity: 'part' -> 'phase' (['ORIGINAL', 'PRIMARY', 'P', 'NONE'])
2025-12-17 17:13:05 - INFO | Discovered sample: [DICOM] /home/rflaherty/test_dicoms/sub-01/20250728/890_0028_vibemt-c9-f100-fa6-1iso/original-primary-m-none_e09_0001.dcm
2025-12-17 17:13:06 - INFO | Discovered sample: [DICOM] /home/rflaherty/test_dicoms/sub-01/20250728/890_0029_vibemt-c9-f100-fa6-1iso/original-primary-p-none_e09_0001.dcm
2025-12-17 17:13:06 - VERBOSE | Updated [DICOM/extra_data] /home/rflaherty/test_dicoms/sub-01/20250728/890_0029_vibemt-c9-f100-fa6-1iso/original-primary-p-none_e09_0001.dcm entity: 'part' -> 'phase' (['ORIGINAL', 'PRIMARY', 'P', 'NONE'])
2025-12-17 17:13:08 - INFO | Discovered sample: [DICOM] /home/rflaherty/test_dicoms/sub-01/20250728/890_0030_vibemt-c9-f100-fa25-1iso/original-primary-m-none_e09_0001.dcm
2025-12-17 17:13:09 - INFO | Discovered sample: [DICOM] /home/rflaherty/test_dicoms/sub-01/20250728/890_0031_vibemt-c9-f100-fa25-1iso/original-primary-p-none_e09_0001.dcm
2025-12-17 17:13:09 - VERBOSE | Updated [DICOM/extra_data] /home/rflaherty/test_dicoms/sub-01/20250728/890_0031_vibemt-c9-f100-fa25-1iso/original-primary-p-none_e09_0001.dcm entity: 'part' -> 'phase' (['ORIGINAL', 'PRIMARY', 'P', 'NONE'])
2025-12-17 17:13:10 - INFO | Discovered sample: [DICOM] /home/rflaherty/test_dicoms/sub-01/20250728/890_0032_vibemt-c4-f4-fa10-1iso-rr/original-primary-m-none_e09_0001.dcm
2025-12-17 17:13:12 - INFO | Discovered sample: [DICOM] /home/rflaherty/test_dicoms/sub-01/20250728/890_0033_vibemt-c4-f100-fa10-1iso-rr/original-primary-m-none_e09_0001.dcm
2025-12-17 17:13:13 - INFO | Discovered sample: [DICOM] /home/rflaherty/test_dicoms/sub-01/20250728/890_0034_vibemt-c4-f100-fa6-1iso-rr/original-primary-m-none_e09_0001.dcm
2025-12-17 17:13:15 - INFO | Discovered sample: [DICOM] /home/rflaherty/test_dicoms/sub-01/20250728/890_0035_vibemt-c4-f100-fa25-1iso-rr/original-primary-m-none_e09_0001.dcm
2025-12-17 17:13:16 - INFO | Discovered sample: [DICOM] /home/rflaherty/test_dicoms/sub-01/20250728/890_0036_vibemt-c6-f4-fa10-1iso-rr/original-primary-m-none_e09_0001.dcm
2025-12-17 17:13:17 - INFO | Discovered sample: [DICOM] /home/rflaherty/test_dicoms/sub-01/20250728/890_0037_vibemt-c6-f100-fa10-1iso-rr/original-primary-m-none_e09_0001.dcm
2025-12-17 17:13:19 - INFO | Discovered sample: [DICOM] /home/rflaherty/test_dicoms/sub-01/20250728/890_0038_vibemt-c6-f100-fa6-1iso-rr/original-primary-m-none_e09_0001.dcm
2025-12-17 17:13:20 - INFO | Discovered sample: [DICOM] /home/rflaherty/test_dicoms/sub-01/20250728/890_0039_vibemt-c6-f100-fa25-1iso-rr/original-primary-m-none_e09_0001.dcm
2025-12-17 17:13:22 - INFO | Discovered sample: [DICOM] /home/rflaherty/test_dicoms/sub-01/20250728/890_0040_vibemt-c9-f4-fa10-1iso-rr/original-primary-m-none_e09_0001.dcm
2025-12-17 17:13:24 - INFO | Discovered sample: [DICOM] /home/rflaherty/test_dicoms/sub-01/20250728/890_0041_vibemt-c9-f100-fa10-1iso-rr/original-primary-m-none_e09_0001.dcm
2025-12-17 17:13:25 - INFO | Discovered sample: [DICOM] /home/rflaherty/test_dicoms/sub-01/20250728/890_0042_vibemt-c9-f100-fa6-1iso-rr/original-primary-m-none_e09_0001.dcm
2025-12-17 17:13:27 - INFO | Discovered sample: [DICOM] /home/rflaherty/test_dicoms/sub-01/20250728/890_0043_vibemt-c9-f100-fa25-1iso-rr/original-primary-m-none_e09_0001.dcm
2025-12-17 17:13:27 - VERBOSE | Executing plugin: events2bids -> /home/rflaherty/test_dicoms/sub-01
2025-12-17 17:13:27 - INFO | Mapping: /home/rflaherty/test_dicoms/sub-01_ses-20240517-02_rec-PSN-on (subject 2/10)
2025-12-17 17:13:27 - VERBOSE | Executing plugin: dcm2niix2bids -> /home/rflaherty/test_dicoms/sub-01_ses-20240517-02_rec-PSN-on
2025-12-17 17:13:29 - INFO | Discovered sample: [DICOM] /home/rflaherty/test_dicoms/sub-01_ses-20240517-02_rec-PSN-on/20241022/91_0006_gremt-cs4-f4-fa10-1iso-ellip83-rr/original-primary-m-none_e09_0001.dcm
2025-12-17 17:13:30 - INFO | Discovered sample: [DICOM] /home/rflaherty/test_dicoms/sub-01_ses-20240517-02_rec-PSN-on/20241022/91_0007_gremt-cs4-f100-fa6-1iso-ellip83-rr/original-primary-m-none_e09_0001.dcm
2025-12-17 17:13:32 - INFO | Discovered sample: [DICOM] /home/rflaherty/test_dicoms/sub-01_ses-20240517-02_rec-PSN-on/20241022/91_0008_gremt-cs4-f100-fa10-1iso-ellip83-rr/original-primary-m-none_e09_0001.dcm
2025-12-17 17:13:33 - INFO | Discovered sample: [DICOM] /home/rflaherty/test_dicoms/sub-01_ses-20240517-02_rec-PSN-on/20241022/91_0009_gremt-cs4-f100-fa25-1iso-ellip83-rr/original-primary-m-none_e09_0001.dcm
2025-12-17 17:13:35 - INFO | Discovered sample: [DICOM] /home/rflaherty/test_dicoms/sub-01_ses-20240517-02_rec-PSN-on/20241022/91_0010_gremt-cs6-f4-fa10-1iso-ellip79-rr/original-primary-m-none_e09_0001.dcm
2025-12-17 17:13:37 - INFO | Discovered sample: [DICOM] /home/rflaherty/test_dicoms/sub-01_ses-20240517-02_rec-PSN-on/20241022/91_0011_gremt-cs6-f100-fa6-1iso-ellip79-rr/original-primary-m-none_e09_0001.dcm
2025-12-17 17:13:38 - INFO | Discovered sample: [DICOM] /home/rflaherty/test_dicoms/sub-01_ses-20240517-02_rec-PSN-on/20241022/91_0012_gremt-cs6-f100-fa10-1iso-ellip79-rr/original-primary-m-none_e09_0001.dcm
2025-12-17 17:13:40 - INFO | Discovered sample: [DICOM] /home/rflaherty/test_dicoms/sub-01_ses-20240517-02_rec-PSN-on/20241022/91_0013_gremt-cs9-f4-fa10-1iso-ellip76-rr/original-primary-m-none_e09_0001.dcm
2025-12-17 17:13:41 - INFO | Discovered sample: [DICOM] /home/rflaherty/test_dicoms/sub-01_ses-20240517-02_rec-PSN-on/20241022/91_0014_gremt-cs9-f100-fa6-1iso-ellip76-rr/original-primary-m-none_e09_0001.dcm
2025-12-17 17:13:43 - INFO | Discovered sample: [DICOM] /home/rflaherty/test_dicoms/sub-01_ses-20240517-02_rec-PSN-on/20241022/91_0015_gremt-cs9-f100-fa10-1iso-ellip76-rr/original-primary-m-none_e09_0001.dcm
2025-12-17 17:13:44 - INFO | Discovered sample: [DICOM] /home/rflaherty/test_dicoms/sub-01_ses-20240517-02_rec-PSN-on/20241022/91_0016_gremt-cs9-f100-fa25-1iso-ellip76-rr/original-primary-m-none_e09_0001.dcm
2025-12-17 17:13:46 - INFO | Discovered sample: [DICOM] /home/rflaherty/test_dicoms/sub-01_ses-20240517-02_rec-PSN-on/20241022/91_0017_gremt-cs6-f100-fa25-1iso-ellip79-rr/original-primary-m-none_e09_0001.dcm
2025-12-17 17:13:46 - VERBOSE | Executing plugin: events2bids -> /home/rflaherty/test_dicoms/sub-01_ses-20240517-02_rec-PSN-on
2025-12-17 17:13:46 - INFO | Mapping: /home/rflaherty/test_dicoms/sub-01_ses-20240718-02_rec-PSN-on (subject 3/10)
2025-12-17 17:13:46 - VERBOSE | Executing plugin: dcm2niix2bids -> /home/rflaherty/test_dicoms/sub-01_ses-20240718-02_rec-PSN-on
2025-12-17 17:14:05 - INFO | 
2025-12-17 17:14:05 - INFO | -------------- START BIDSmapper ------------
2025-12-17 17:14:05 - INFO | >>> bidsmapper sourcefolder=/home/rflaherty/test_dicoms bidsfolder=/home/rflaherty/normabrain/bids bidsmap=bidsmap.yaml template=/home/rflaherty/.bidscoin/4.6.2/templates/bidsmap_dccn.yaml plugins=[] subprefix=None sesprefix=None store=False force=False
2025-12-17 17:14:05 - INFO | No bidsmap file found: /home/rflaherty/normabrain/bids/code/bidscoin/bidsmap.yaml
2025-12-17 17:14:05 - INFO | Reading: /home/rflaherty/.bidscoin/4.6.2/templates/bidsmap_dccn.yaml
2025-12-17 17:14:06 - INFO | Checking the bidsmap run-items:
2025-12-17 17:14:06 - VERBOSE | Could not validate every run-item in the bidsmap
2025-12-17 17:14:06 - VERBOSE | Checking the template bidsmap datatypes:
2025-12-17 17:14:06 - SUCCESS | All datatypes and options in the template bidsmap are valid
2025-12-17 17:14:06 - INFO | Mapping: /home/rflaherty/test_dicoms/sub-01 (subject 1/10)
2025-12-17 17:14:06 - VERBOSE | Executing plugin: dcm2niix2bids -> /home/rflaherty/test_dicoms/sub-01
2025-12-17 17:14:06 - INFO | Discovered sample: [DICOM] /home/rflaherty/test_dicoms/sub-01/20240517/582_0006_tfl-b1map-sag/original-primary-flip-angle-map-none_e09_0001.dcm
2025-12-17 17:14:07 - INFO | Discovered sample: [DICOM] /home/rflaherty/test_dicoms/sub-01/20240517/582_0008_tfl-b1map-sag/original-primary-flip-angle-map-none_e09_0001.dcm
2025-12-17 17:14:08 - INFO | Discovered sample: [DICOM] /home/rflaherty/test_dicoms/sub-01/20240517/582_0011_vibemt-c4-f100-fa25-1iso/original-primary-m-none_e09_0001.dcm
2025-12-17 17:14:09 - INFO | Discovered sample: [DICOM] /home/rflaherty/test_dicoms/sub-01/20240517/582_0012_vibemt-c4-f100-fa6-1iso/original-primary-m-none_e09_0001.dcm
2025-12-17 17:14:11 - INFO | Discovered sample: [DICOM] /home/rflaherty/test_dicoms/sub-01/20240517/582_0013_vibemt-c6-f4-fa10-1iso/original-primary-m-none_e09_0001.dcm
2025-12-17 17:14:13 - INFO | Discovered sample: [DICOM] /home/rflaherty/test_dicoms/sub-01/20240517/582_0014_vibemt-c6-f100-fa10-1iso/original-primary-m-none_e09_0001.dcm
2025-12-17 17:14:14 - INFO | Discovered sample: [DICOM] /home/rflaherty/test_dicoms/sub-01/20240517/582_0015_vibemt-c6-f100-fa6-1iso/original-primary-m-none_e09_0001.dcm
2025-12-17 17:14:16 - INFO | Discovered sample: [DICOM] /home/rflaherty/test_dicoms/sub-01/20240517/582_0016_vibemt-c6-f100-fa25-1iso/original-primary-m-none_e09_0001.dcm
2025-12-17 17:14:17 - INFO | Discovered sample: [DICOM] /home/rflaherty/test_dicoms/sub-01/20240517/582_0017_vibemt-c9-f4-fa10-1iso/original-primary-m-none_e09_0001.dcm
2025-12-17 17:14:19 - INFO | Discovered sample: [DICOM] /home/rflaherty/test_dicoms/sub-01/20240517/582_0018_vibemt-c4-f4-fa10-1iso/original-primary-m-none_e09_0001.dcm
2025-12-17 17:14:20 - INFO | Discovered sample: [DICOM] /home/rflaherty/test_dicoms/sub-01/20240517/582_0019_vibemt-c4-f100-fa10-1iso/original-primary-m-none_e09_0001.dcm
2025-12-17 17:14:22 - INFO | Discovered sample: [DICOM] /home/rflaherty/test_dicoms/sub-01/20240517/582_0020_vibemt-c9-f100-fa10-1iso/original-primary-m-none_e09_0001.dcm
2025-12-17 17:14:23 - INFO | Discovered sample: [DICOM] /home/rflaherty/test_dicoms/sub-01/20240517/582_0021_vibemt-c9-f100-fa6-1iso/original-primary-m-none_e09_0001.dcm
2025-12-17 17:14:25 - INFO | Discovered sample: [DICOM] /home/rflaherty/test_dicoms/sub-01/20240517/582_0022_vibemt-c9-f100-fa25-1iso/original-primary-m-none_e09_0001.dcm
2025-12-17 17:14:27 - INFO | Discovered sample: [DICOM] /home/rflaherty/test_dicoms/sub-01/20240517/582_0029_gremt-cs4-f4-fa10-1iso-ellip83/original-primary-m-none_e09_0001.dcm
2025-12-17 17:14:28 - INFO | Discovered sample: [DICOM] /home/rflaherty/test_dicoms/sub-01/20240517/582_0030_gremt-cs4-f100-fa10-1iso-ellip83/original-primary-m-none_e09_0001.dcm
2025-12-17 17:14:30 - INFO | Discovered sample: [DICOM] /home/rflaherty/test_dicoms/sub-01/20240517/582_0031_gremt-cs4-f100-fa6-1iso-ellip83/original-primary-m-none_e09_0001.dcm
2025-12-17 17:14:31 - INFO | Discovered sample: [DICOM] /home/rflaherty/test_dicoms/sub-01/20240517/582_0032_gremt-cs4-f100-fa25-1iso-ellip83/original-primary-m-none_e09_0001.dcm
2025-12-17 17:14:33 - INFO | Discovered sample: [DICOM] /home/rflaherty/test_dicoms/sub-01/20240517/582_0033_gremt-cs6-f4-fa10-1iso-ellip79/original-primary-m-none_e09_0001.dcm
2025-12-17 17:14:35 - INFO | Discovered sample: [DICOM] /home/rflaherty/test_dicoms/sub-01/20240517/582_0035_gremt-cs6-f100-fa10-1iso-ellip79/original-primary-m-none_e09_0001.dcm
2025-12-17 17:14:36 - INFO | Discovered sample: [DICOM] /home/rflaherty/test_dicoms/sub-01/20240517/582_0036_gremt-cs6-f100-fa6-1iso-ellip79/original-primary-m-none_e09_0001.dcm
2025-12-17 17:14:38 - INFO | Discovered sample: [DICOM] /home/rflaherty/test_dicoms/sub-01/20240517/582_0037_gremt-cs6-f100-fa25-1iso-ellip79/original-primary-m-none_e09_0001.dcm
2025-12-17 17:14:39 - INFO | Discovered sample: [DICOM] /home/rflaherty/test_dicoms/sub-01/20240517/582_0038_gremt-cs9-f4-fa10-1iso-ellip76/original-primary-m-none_e09_0001.dcm
2025-12-17 17:14:41 - INFO | Discovered sample: [DICOM] /home/rflaherty/test_dicoms/sub-01/20240517/582_0039_gremt-cs9-f100-fa10-1iso-ellip76/original-primary-m-none_e09_0001.dcm
2025-12-17 17:14:42 - INFO | Discovered sample: [DICOM] /home/rflaherty/test_dicoms/sub-01/20240517/582_0040_gremt-cs9-f100-fa6-1iso-ellip76/original-primary-m-none_e09_0001.dcm
2025-12-17 17:14:44 - INFO | Discovered sample: [DICOM] /home/rflaherty/test_dicoms/sub-01/20240517/582_0041_gremt-cs9-f100-fa25-1iso-ellip76/original-primary-m-none_e09_0001.dcm
2025-12-17 17:15:02 - INFO | Discovered sample: [DICOM] /home/rflaherty/test_dicoms/sub-01/20240718/91_0024_tfl-b1map-sag/original-primary-flip-angle-map-none_e09_0001.dcm
2025-12-17 17:15:20 - INFO | Discovered sample: [DICOM] /home/rflaherty/test_dicoms/sub-01/20241121/03_0006_tfl-b1map-sag/original-primary-flip-angle-map-none_e09_0001.dcm
2025-12-17 17:15:21 - INFO | Discovered sample: [DICOM] /home/rflaherty/test_dicoms/sub-01/20241121/03_0007_vibemt-c4-f4-fa10-1iso/original-primary-m-none_e09_0001.dcm
2025-12-17 17:15:23 - INFO | Discovered sample: [DICOM] /home/rflaherty/test_dicoms/sub-01/20241121/03_0008_vibemt-c4-f100-fa10-1iso/original-primary-m-none_e09_0001.dcm
2025-12-17 17:15:24 - INFO | Discovered sample: [DICOM] /home/rflaherty/test_dicoms/sub-01/20241121/03_0009_vibemt-c4-f100-fa25-1iso/original-primary-m-none_e09_0001.dcm
2025-12-17 17:15:26 - INFO | Discovered sample: [DICOM] /home/rflaherty/test_dicoms/sub-01/20241121/03_0010_vibemt-c4-f100-fa6-1iso/original-primary-m-none_e09_0001.dcm
2025-12-17 17:15:27 - INFO | Discovered sample: [DICOM] /home/rflaherty/test_dicoms/sub-01/20241121/03_0011_vibemt-c6-f4-fa10-1iso/original-primary-m-none_e09_0001.dcm
2025-12-17 17:15:29 - INFO | Discovered sample: [DICOM] /home/rflaherty/test_dicoms/sub-01/20241121/03_0012_vibemt-c6-f100-fa10-1iso/original-primary-m-none_e09_0001.dcm
2025-12-17 17:15:30 - INFO | Discovered sample: [DICOM] /home/rflaherty/test_dicoms/sub-01/20241121/03_0013_vibemt-c6-f100-fa6-1iso/original-primary-m-none_e09_0001.dcm
2025-12-17 17:15:32 - INFO | Discovered sample: [DICOM] /home/rflaherty/test_dicoms/sub-01/20241121/03_0014_vibemt-c6-f100-fa25-1iso/original-primary-m-none_e09_0001.dcm
2025-12-17 17:15:33 - INFO | Discovered sample: [DICOM] /home/rflaherty/test_dicoms/sub-01/20241121/03_0015_vibemt-c9-f4-fa10-1iso/original-primary-m-none_e09_0001.dcm
2025-12-17 17:15:35 - INFO | Discovered sample: [DICOM] /home/rflaherty/test_dicoms/sub-01/20241121/03_0016_vibemt-c9-f100-fa10-1iso/original-primary-m-none_e09_0001.dcm
2025-12-17 17:15:36 - INFO | Discovered sample: [DICOM] /home/rflaherty/test_dicoms/sub-01/20241121/03_0017_vibemt-c9-f100-fa6-1iso/original-primary-m-none_e09_0001.dcm
2025-12-17 17:15:38 - INFO | Discovered sample: [DICOM] /home/rflaherty/test_dicoms/sub-01/20241121/03_0018_vibemt-c9-f100-fa25-1iso/original-primary-m-none_e09_0001.dcm
2025-12-17 17:15:39 - INFO | Discovered sample: [DICOM] /home/rflaherty/test_dicoms/sub-01/20241121/03_0019_gremt-cs9-f4-fa10-1iso-ellip76/original-primary-m-none_e09_0001.dcm
2025-12-17 17:15:41 - INFO | Discovered sample: [DICOM] /home/rflaherty/test_dicoms/sub-01/20241121/03_0020_gremt-cs9-f100-fa10-1iso-ellip76/original-primary-m-none_e09_0001.dcm
2025-12-17 17:15:42 - INFO | Discovered sample: [DICOM] /home/rflaherty/test_dicoms/sub-01/20241121/03_0021_gremt-cs9-f100-fa6-1iso-ellip76/original-primary-m-none_e09_0001.dcm
2025-12-17 17:15:44 - INFO | Discovered sample: [DICOM] /home/rflaherty/test_dicoms/sub-01/20241121/03_0022_gremt-cs9-f100-fa25-1iso-ellip76/original-primary-m-none_e09_0001.dcm
2025-12-17 17:15:44 - INFO | Discovered sample: [DICOM] /home/rflaherty/test_dicoms/sub-01/20250319/00_0001_aahead-scout-64ch/original-primary-m-none_e09_0001.dcm
2025-12-17 17:15:45 - INFO | Discovered sample: [DICOM] /home/rflaherty/test_dicoms/sub-01/20250319/00_0002_aahead-scout-64ch-mpr-sag/derived-primary-mpr-resampled_e09_0001.dcm
2025-12-17 17:15:45 - INFO | Discovered sample: [DICOM] /home/rflaherty/test_dicoms/sub-01/20250319/00_0003_aahead-scout-64ch-mpr-cor/derived-primary-mpr-resampled_e09_0001.dcm
2025-12-17 17:15:45 - INFO | Discovered sample: [DICOM] /home/rflaherty/test_dicoms/sub-01/20250319/00_0004_aahead-scout-64ch-mpr-tra/derived-primary-mpr-resampled_e09_0001.dcm
2025-12-17 17:15:45 - INFO | Discovered sample: [DICOM] /home/rflaherty/test_dicoms/sub-01/20250319/00_0005_tfl-b1map-sag/original-primary-m-none_e09_0001.dcm
2025-12-17 17:15:46 - INFO | Discovered sample: [DICOM] /home/rflaherty/test_dicoms/sub-01/20250319/00_0006_tfl-b1map-sag/original-primary-flip-angle-map-none_e09_0001.dcm
2025-12-17 17:15:49 - INFO | Discovered sample: [DICOM] /home/rflaherty/test_dicoms/sub-01/20250319/00_0013_gremt-cs4-f4-fa10-1iso-ellip83/original-primary-m-none_e09_0001.dcm
2025-12-17 17:15:50 - INFO | Discovered sample: [DICOM] /home/rflaherty/test_dicoms/sub-01/20250319/00_0014_gremt-cs4-f4-fa10-1iso-ellip83/original-primary-p-none_e09_0001.dcm
2025-12-17 17:15:50 - VERBOSE | Updated [DICOM/extra_data] /home/rflaherty/test_dicoms/sub-01/20250319/00_0014_gremt-cs4-f4-fa10-1iso-ellip83/original-primary-p-none_e09_0001.dcm entity: 'part' -> 'phase' (['ORIGINAL', 'PRIMARY', 'P', 'NONE'])
2025-12-17 17:15:52 - INFO | Discovered sample: [DICOM] /home/rflaherty/test_dicoms/sub-01/20250319/00_0015_gremt-cs4-f100-fa10-1iso-ellip83/original-primary-m-none_e09_0001.dcm
2025-12-17 17:15:53 - INFO | Discovered sample: [DICOM] /home/rflaherty/test_dicoms/sub-01/20250319/00_0016_gremt-cs4-f100-fa10-1iso-ellip83/original-primary-p-none_e09_0001.dcm
2025-12-17 17:15:53 - VERBOSE | Updated [DICOM/extra_data] /home/rflaherty/test_dicoms/sub-01/20250319/00_0016_gremt-cs4-f100-fa10-1iso-ellip83/original-primary-p-none_e09_0001.dcm entity: 'part' -> 'phase' (['ORIGINAL', 'PRIMARY', 'P', 'NONE'])
2025-12-17 17:15:55 - INFO | Discovered sample: [DICOM] /home/rflaherty/test_dicoms/sub-01/20250319/00_0017_gremt-cs4-f100-fa6-1iso-ellip83/original-primary-m-none_e09_0001.dcm
2025-12-17 17:15:56 - INFO | Discovered sample: [DICOM] /home/rflaherty/test_dicoms/sub-01/20250319/00_0018_gremt-cs4-f100-fa6-1iso-ellip83/original-primary-p-none_e09_0001.dcm
2025-12-17 17:15:56 - VERBOSE | Updated [DICOM/extra_data] /home/rflaherty/test_dicoms/sub-01/20250319/00_0018_gremt-cs4-f100-fa6-1iso-ellip83/original-primary-p-none_e09_0001.dcm entity: 'part' -> 'phase' (['ORIGINAL', 'PRIMARY', 'P', 'NONE'])
2025-12-17 17:15:57 - INFO | Discovered sample: [DICOM] /home/rflaherty/test_dicoms/sub-01/20250319/00_0019_gremt-cs4-f100-fa25-1iso-ellip83/original-primary-m-none_e09_0001.dcm
2025-12-17 17:15:59 - INFO | Discovered sample: [DICOM] /home/rflaherty/test_dicoms/sub-01/20250319/00_0020_gremt-cs4-f100-fa25-1iso-ellip83/original-primary-p-none_e09_0001.dcm
2025-12-17 17:15:59 - VERBOSE | Updated [DICOM/extra_data] /home/rflaherty/test_dicoms/sub-01/20250319/00_0020_gremt-cs4-f100-fa25-1iso-ellip83/original-primary-p-none_e09_0001.dcm entity: 'part' -> 'phase' (['ORIGINAL', 'PRIMARY', 'P', 'NONE'])
2025-12-17 17:16:00 - INFO | Discovered sample: [DICOM] /home/rflaherty/test_dicoms/sub-01/20250319/00_0021_gremt-cs6-f4-fa10-1iso-ellip79/original-primary-m-none_e09_0001.dcm
2025-12-17 17:16:02 - INFO | Discovered sample: [DICOM] /home/rflaherty/test_dicoms/sub-01/20250319/00_0022_gremt-cs6-f4-fa10-1iso-ellip79/original-primary-p-none_e09_0001.dcm
2025-12-17 17:16:02 - VERBOSE | Updated [DICOM/extra_data] /home/rflaherty/test_dicoms/sub-01/20250319/00_0022_gremt-cs6-f4-fa10-1iso-ellip79/original-primary-p-none_e09_0001.dcm entity: 'part' -> 'phase' (['ORIGINAL', 'PRIMARY', 'P', 'NONE'])
2025-12-17 17:16:03 - INFO | Discovered sample: [DICOM] /home/rflaherty/test_dicoms/sub-01/20250319/00_0023_gremt-cs6-f100-fa10-1iso-ellip79/original-primary-m-none_e09_0001.dcm
2025-12-17 17:16:04 - INFO | Discovered sample: [DICOM] /home/rflaherty/test_dicoms/sub-01/20250319/00_0024_gremt-cs6-f100-fa10-1iso-ellip79/original-primary-p-none_e09_0001.dcm
2025-12-17 17:16:04 - VERBOSE | Updated [DICOM/extra_data] /home/rflaherty/test_dicoms/sub-01/20250319/00_0024_gremt-cs6-f100-fa10-1iso-ellip79/original-primary-p-none_e09_0001.dcm entity: 'part' -> 'phase' (['ORIGINAL', 'PRIMARY', 'P', 'NONE'])
2025-12-17 17:16:06 - INFO | Discovered sample: [DICOM] /home/rflaherty/test_dicoms/sub-01/20250319/00_0025_gremt-cs6-f100-fa6-1iso-ellip79/original-primary-m-none_e09_0001.dcm
2025-12-17 17:16:07 - INFO | Discovered sample: [DICOM] /home/rflaherty/test_dicoms/sub-01/20250319/00_0026_gremt-cs6-f100-fa6-1iso-ellip79/original-primary-p-none_e09_0001.dcm
2025-12-17 17:16:07 - VERBOSE | Updated [DICOM/extra_data] /home/rflaherty/test_dicoms/sub-01/20250319/00_0026_gremt-cs6-f100-fa6-1iso-ellip79/original-primary-p-none_e09_0001.dcm entity: 'part' -> 'phase' (['ORIGINAL', 'PRIMARY', 'P', 'NONE'])
2025-12-17 17:16:09 - INFO | Discovered sample: [DICOM] /home/rflaherty/test_dicoms/sub-01/20250319/00_0027_gremt-cs6-f100-fa25-1iso-ellip79/original-primary-m-none_e09_0001.dcm
2025-12-17 17:16:10 - INFO | Discovered sample: [DICOM] /home/rflaherty/test_dicoms/sub-01/20250319/00_0028_gremt-cs6-f100-fa25-1iso-ellip79/original-primary-p-none_e09_0001.dcm
2025-12-17 17:16:10 - VERBOSE | Updated [DICOM/extra_data] /home/rflaherty/test_dicoms/sub-01/20250319/00_0028_gremt-cs6-f100-fa25-1iso-ellip79/original-primary-p-none_e09_0001.dcm entity: 'part' -> 'phase' (['ORIGINAL', 'PRIMARY', 'P', 'NONE'])
2025-12-17 17:16:13 - INFO | Discovered sample: [DICOM] /home/rflaherty/test_dicoms/sub-01/20250319/00_0030_gremt-cs9-f4-fa10-1iso-ellip76/original-primary-p-none_e09_0001.dcm
2025-12-17 17:16:13 - VERBOSE | Updated [DICOM/extra_data] /home/rflaherty/test_dicoms/sub-01/20250319/00_0030_gremt-cs9-f4-fa10-1iso-ellip76/original-primary-p-none_e09_0001.dcm entity: 'part' -> 'phase' (['ORIGINAL', 'PRIMARY', 'P', 'NONE'])
2025-12-17 17:16:15 - INFO | Discovered sample: [DICOM] /home/rflaherty/test_dicoms/sub-01/20250319/00_0032_gremt-cs9-f100-fa10-1iso-ellip76/original-primary-p-none_e09_0001.dcm
2025-12-17 17:16:15 - VERBOSE | Updated [DICOM/extra_data] /home/rflaherty/test_dicoms/sub-01/20250319/00_0032_gremt-cs9-f100-fa10-1iso-ellip76/original-primary-p-none_e09_0001.dcm entity: 'part' -> 'phase' (['ORIGINAL', 'PRIMARY', 'P', 'NONE'])
2025-12-17 17:16:17 - INFO | Discovered sample: [DICOM] /home/rflaherty/test_dicoms/sub-01/20250319/00_0033_gremt-cs9-f100-fa6-1iso-ellip76/original-primary-m-none_e09_0001.dcm
2025-12-17 17:16:18 - INFO | Discovered sample: [DICOM] /home/rflaherty/test_dicoms/sub-01/20250319/00_0034_gremt-cs9-f100-fa6-1iso-ellip76/original-primary-p-none_e09_0001.dcm
2025-12-17 17:16:18 - VERBOSE | Updated [DICOM/extra_data] /home/rflaherty/test_dicoms/sub-01/20250319/00_0034_gremt-cs9-f100-fa6-1iso-ellip76/original-primary-p-none_e09_0001.dcm entity: 'part' -> 'phase' (['ORIGINAL', 'PRIMARY', 'P', 'NONE'])
2025-12-17 17:16:19 - INFO | Discovered sample: [DICOM] /home/rflaherty/test_dicoms/sub-01/20250319/00_0035_gremt-cs9-f100-fa25-1iso-ellip76/original-primary-m-none_e09_0001.dcm
2025-12-17 17:16:21 - INFO | Discovered sample: [DICOM] /home/rflaherty/test_dicoms/sub-01/20250319/00_0036_gremt-cs9-f100-fa25-1iso-ellip76/original-primary-p-none_e09_0001.dcm
2025-12-17 17:16:21 - VERBOSE | Updated [DICOM/extra_data] /home/rflaherty/test_dicoms/sub-01/20250319/00_0036_gremt-cs9-f100-fa25-1iso-ellip76/original-primary-p-none_e09_0001.dcm entity: 'part' -> 'phase' (['ORIGINAL', 'PRIMARY', 'P', 'NONE'])
2025-12-17 17:16:21 - WARNING | Not all .dcm-files in '/home/rflaherty/test_dicoms/sub-01/20250319/00_0099_phoenixzipreport' have the same size. This may be OK but can also be indicative of a truncated acquisition or file corruption(s)
2025-12-17 17:16:21 - INFO | Discovered sample: [DICOM] /home/rflaherty/test_dicoms/sub-01/20250319/00_0099_phoenixzipreport/original-primary-other-csa-report_e09_0001.dcm
2025-12-17 17:16:21 - INFO | Discovered sample: [DICOM] /home/rflaherty/test_dicoms/sub-01/20250728/890_0005_gre-field-mapping/original-primary-p-none_e09_0001.dcm
2025-12-17 17:16:24 - INFO | Discovered sample: [DICOM] /home/rflaherty/test_dicoms/sub-01/20250728/890_0008_vibemt-c4-f4-fa10-1iso/original-primary-m-none_e09_0001.dcm
2025-12-17 17:16:26 - INFO | Discovered sample: [DICOM] /home/rflaherty/test_dicoms/sub-01/20250728/890_0009_vibemt-c4-f4-fa10-1iso/original-primary-p-none_e09_0001.dcm
2025-12-17 17:16:26 - VERBOSE | Updated [DICOM/extra_data] /home/rflaherty/test_dicoms/sub-01/20250728/890_0009_vibemt-c4-f4-fa10-1iso/original-primary-p-none_e09_0001.dcm entity: 'part' -> 'phase' (['ORIGINAL', 'PRIMARY', 'P', 'NONE'])
2025-12-17 17:16:28 - INFO | Discovered sample: [DICOM] /home/rflaherty/test_dicoms/sub-01/20250728/890_0010_vibemt-c4-f100-fa10-1iso/original-primary-m-none_e09_0001.dcm
2025-12-17 17:16:30 - INFO | Discovered sample: [DICOM] /home/rflaherty/test_dicoms/sub-01/20250728/890_0011_vibemt-c4-f100-fa10-1iso/original-primary-p-none_e09_0001.dcm
2025-12-17 17:16:30 - VERBOSE | Updated [DICOM/extra_data] /home/rflaherty/test_dicoms/sub-01/20250728/890_0011_vibemt-c4-f100-fa10-1iso/original-primary-p-none_e09_0001.dcm entity: 'part' -> 'phase' (['ORIGINAL', 'PRIMARY', 'P', 'NONE'])
2025-12-17 17:16:31 - INFO | Discovered sample: [DICOM] /home/rflaherty/test_dicoms/sub-01/20250728/890_0012_vibemt-c4-f100-fa6-1iso/original-primary-m-none_e09_0001.dcm
2025-12-17 17:16:32 - INFO | Discovered sample: [DICOM] /home/rflaherty/test_dicoms/sub-01/20250728/890_0013_vibemt-c4-f100-fa6-1iso/original-primary-p-none_e09_0001.dcm
2025-12-17 17:16:32 - VERBOSE | Updated [DICOM/extra_data] /home/rflaherty/test_dicoms/sub-01/20250728/890_0013_vibemt-c4-f100-fa6-1iso/original-primary-p-none_e09_0001.dcm entity: 'part' -> 'phase' (['ORIGINAL', 'PRIMARY', 'P', 'NONE'])
2025-12-17 17:16:34 - INFO | Discovered sample: [DICOM] /home/rflaherty/test_dicoms/sub-01/20250728/890_0014_vibemt-c4-f100-fa25-1iso/original-primary-m-none_e09_0001.dcm
2025-12-17 17:16:35 - INFO | Discovered sample: [DICOM] /home/rflaherty/test_dicoms/sub-01/20250728/890_0015_vibemt-c4-f100-fa25-1iso/original-primary-p-none_e09_0001.dcm
2025-12-17 17:16:35 - VERBOSE | Updated [DICOM/extra_data] /home/rflaherty/test_dicoms/sub-01/20250728/890_0015_vibemt-c4-f100-fa25-1iso/original-primary-p-none_e09_0001.dcm entity: 'part' -> 'phase' (['ORIGINAL', 'PRIMARY', 'P', 'NONE'])
2025-12-17 17:16:37 - INFO | Discovered sample: [DICOM] /home/rflaherty/test_dicoms/sub-01/20250728/890_0016_vibemt-c6-f4-fa10-1iso/original-primary-m-none_e09_0001.dcm
2025-12-17 17:16:38 - INFO | Discovered sample: [DICOM] /home/rflaherty/test_dicoms/sub-01/20250728/890_0017_vibemt-c6-f4-fa10-1iso/original-primary-p-none_e09_0001.dcm
2025-12-17 17:16:38 - VERBOSE | Updated [DICOM/extra_data] /home/rflaherty/test_dicoms/sub-01/20250728/890_0017_vibemt-c6-f4-fa10-1iso/original-primary-p-none_e09_0001.dcm entity: 'part' -> 'phase' (['ORIGINAL', 'PRIMARY', 'P', 'NONE'])
2025-12-17 17:16:39 - INFO | Discovered sample: [DICOM] /home/rflaherty/test_dicoms/sub-01/20250728/890_0018_vibemt-c6-f100-fa10-1iso/original-primary-m-none_e09_0001.dcm
2025-12-17 17:16:41 - INFO | Discovered sample: [DICOM] /home/rflaherty/test_dicoms/sub-01/20250728/890_0019_vibemt-c6-f100-fa10-1iso/original-primary-p-none_e09_0001.dcm
2025-12-17 17:16:41 - VERBOSE | Updated [DICOM/extra_data] /home/rflaherty/test_dicoms/sub-01/20250728/890_0019_vibemt-c6-f100-fa10-1iso/original-primary-p-none_e09_0001.dcm entity: 'part' -> 'phase' (['ORIGINAL', 'PRIMARY', 'P', 'NONE'])
2025-12-17 17:16:42 - INFO | Discovered sample: [DICOM] /home/rflaherty/test_dicoms/sub-01/20250728/890_0020_vibemt-c6-f100-fa6-1iso/original-primary-m-none_e09_0001.dcm
2025-12-17 17:16:44 - INFO | Discovered sample: [DICOM] /home/rflaherty/test_dicoms/sub-01/20250728/890_0021_vibemt-c6-f100-fa6-1iso/original-primary-p-none_e09_0001.dcm
2025-12-17 17:16:44 - VERBOSE | Updated [DICOM/extra_data] /home/rflaherty/test_dicoms/sub-01/20250728/890_0021_vibemt-c6-f100-fa6-1iso/original-primary-p-none_e09_0001.dcm entity: 'part' -> 'phase' (['ORIGINAL', 'PRIMARY', 'P', 'NONE'])
2025-12-17 17:16:45 - INFO | Discovered sample: [DICOM] /home/rflaherty/test_dicoms/sub-01/20250728/890_0022_vibemt-c6-f100-fa25-1iso/original-primary-m-none_e09_0001.dcm
2025-12-17 17:16:46 - INFO | Discovered sample: [DICOM] /home/rflaherty/test_dicoms/sub-01/20250728/890_0023_vibemt-c6-f100-fa25-1iso/original-primary-p-none_e09_0001.dcm
2025-12-17 17:16:46 - VERBOSE | Updated [DICOM/extra_data] /home/rflaherty/test_dicoms/sub-01/20250728/890_0023_vibemt-c6-f100-fa25-1iso/original-primary-p-none_e09_0001.dcm entity: 'part' -> 'phase' (['ORIGINAL', 'PRIMARY', 'P', 'NONE'])
2025-12-17 17:16:48 - INFO | Discovered sample: [DICOM] /home/rflaherty/test_dicoms/sub-01/20250728/890_0024_vibemt-c9-f4-fa10-1iso/original-primary-m-none_e09_0001.dcm
2025-12-17 17:16:49 - INFO | Discovered sample: [DICOM] /home/rflaherty/test_dicoms/sub-01/20250728/890_0025_vibemt-c9-f4-fa10-1iso/original-primary-p-none_e09_0001.dcm
2025-12-17 17:16:49 - VERBOSE | Updated [DICOM/extra_data] /home/rflaherty/test_dicoms/sub-01/20250728/890_0025_vibemt-c9-f4-fa10-1iso/original-primary-p-none_e09_0001.dcm entity: 'part' -> 'phase' (['ORIGINAL', 'PRIMARY', 'P', 'NONE'])
2025-12-17 17:16:50 - INFO | Discovered sample: [DICOM] /home/rflaherty/test_dicoms/sub-01/20250728/890_0026_vibemt-c9-f100-fa10-1iso/original-primary-m-none_e09_0001.dcm
2025-12-17 17:16:52 - INFO | Discovered sample: [DICOM] /home/rflaherty/test_dicoms/sub-01/20250728/890_0027_vibemt-c9-f100-fa10-1iso/original-primary-p-none_e09_0001.dcm
2025-12-17 17:16:52 - VERBOSE | Updated [DICOM/extra_data] /home/rflaherty/test_dicoms/sub-01/20250728/890_0027_vibemt-c9-f100-fa10-1iso/original-primary-p-none_e09_0001.dcm entity: 'part' -> 'phase' (['ORIGINAL', 'PRIMARY', 'P', 'NONE'])
2025-12-17 17:16:53 - INFO | Discovered sample: [DICOM] /home/rflaherty/test_dicoms/sub-01/20250728/890_0028_vibemt-c9-f100-fa6-1iso/original-primary-m-none_e09_0001.dcm
2025-12-17 17:16:54 - INFO | Discovered sample: [DICOM] /home/rflaherty/test_dicoms/sub-01/20250728/890_0029_vibemt-c9-f100-fa6-1iso/original-primary-p-none_e09_0001.dcm
2025-12-17 17:16:54 - VERBOSE | Updated [DICOM/extra_data] /home/rflaherty/test_dicoms/sub-01/20250728/890_0029_vibemt-c9-f100-fa6-1iso/original-primary-p-none_e09_0001.dcm entity: 'part' -> 'phase' (['ORIGINAL', 'PRIMARY', 'P', 'NONE'])
2025-12-17 17:16:56 - INFO | Discovered sample: [DICOM] /home/rflaherty/test_dicoms/sub-01/20250728/890_0030_vibemt-c9-f100-fa25-1iso/original-primary-m-none_e09_0001.dcm
2025-12-17 17:16:57 - INFO | Discovered sample: [DICOM] /home/rflaherty/test_dicoms/sub-01/20250728/890_0031_vibemt-c9-f100-fa25-1iso/original-primary-p-none_e09_0001.dcm
2025-12-17 17:16:57 - VERBOSE | Updated [DICOM/extra_data] /home/rflaherty/test_dicoms/sub-01/20250728/890_0031_vibemt-c9-f100-fa25-1iso/original-primary-p-none_e09_0001.dcm entity: 'part' -> 'phase' (['ORIGINAL', 'PRIMARY', 'P', 'NONE'])
2025-12-17 17:16:58 - INFO | Discovered sample: [DICOM] /home/rflaherty/test_dicoms/sub-01/20250728/890_0032_vibemt-c4-f4-fa10-1iso-rr/original-primary-m-none_e09_0001.dcm
2025-12-17 17:17:00 - INFO | Discovered sample: [DICOM] /home/rflaherty/test_dicoms/sub-01/20250728/890_0033_vibemt-c4-f100-fa10-1iso-rr/original-primary-m-none_e09_0001.dcm
2025-12-17 17:17:01 - INFO | Discovered sample: [DICOM] /home/rflaherty/test_dicoms/sub-01/20250728/890_0034_vibemt-c4-f100-fa6-1iso-rr/original-primary-m-none_e09_0001.dcm
2025-12-17 17:17:02 - INFO | Discovered sample: [DICOM] /home/rflaherty/test_dicoms/sub-01/20250728/890_0035_vibemt-c4-f100-fa25-1iso-rr/original-primary-m-none_e09_0001.dcm
2025-12-17 17:17:04 - INFO | Discovered sample: [DICOM] /home/rflaherty/test_dicoms/sub-01/20250728/890_0036_vibemt-c6-f4-fa10-1iso-rr/original-primary-m-none_e09_0001.dcm
2025-12-17 17:17:05 - INFO | Discovered sample: [DICOM] /home/rflaherty/test_dicoms/sub-01/20250728/890_0037_vibemt-c6-f100-fa10-1iso-rr/original-primary-m-none_e09_0001.dcm
2025-12-17 17:17:07 - INFO | Discovered sample: [DICOM] /home/rflaherty/test_dicoms/sub-01/20250728/890_0038_vibemt-c6-f100-fa6-1iso-rr/original-primary-m-none_e09_0001.dcm
2025-12-17 17:17:08 - INFO | Discovered sample: [DICOM] /home/rflaherty/test_dicoms/sub-01/20250728/890_0039_vibemt-c6-f100-fa25-1iso-rr/original-primary-m-none_e09_0001.dcm
2025-12-17 17:17:09 - INFO | Discovered sample: [DICOM] /home/rflaherty/test_dicoms/sub-01/20250728/890_0040_vibemt-c9-f4-fa10-1iso-rr/original-primary-m-none_e09_0001.dcm
2025-12-17 17:17:11 - INFO | Discovered sample: [DICOM] /home/rflaherty/test_dicoms/sub-01/20250728/890_0041_vibemt-c9-f100-fa10-1iso-rr/original-primary-m-none_e09_0001.dcm
2025-12-17 17:17:12 - INFO | Discovered sample: [DICOM] /home/rflaherty/test_dicoms/sub-01/20250728/890_0042_vibemt-c9-f100-fa6-1iso-rr/original-primary-m-none_e09_0001.dcm
2025-12-17 17:17:13 - INFO | Discovered sample: [DICOM] /home/rflaherty/test_dicoms/sub-01/20250728/890_0043_vibemt-c9-f100-fa25-1iso-rr/original-primary-m-none_e09_0001.dcm
2025-12-17 17:17:13 - VERBOSE | Executing plugin: events2bids -> /home/rflaherty/test_dicoms/sub-01
2025-12-17 17:17:13 - INFO | Mapping: /home/rflaherty/test_dicoms/sub-01_ses-20240517-02_rec-PSN-on (subject 2/10)
2025-12-17 17:17:13 - VERBOSE | Executing plugin: dcm2niix2bids -> /home/rflaherty/test_dicoms/sub-01_ses-20240517-02_rec-PSN-on
2025-12-17 17:17:15 - INFO | Discovered sample: [DICOM] /home/rflaherty/test_dicoms/sub-01_ses-20240517-02_rec-PSN-on/20241022/91_0006_gremt-cs4-f4-fa10-1iso-ellip83-rr/original-primary-m-none_e09_0001.dcm
2025-12-17 17:17:16 - INFO | Discovered sample: [DICOM] /home/rflaherty/test_dicoms/sub-01_ses-20240517-02_rec-PSN-on/20241022/91_0007_gremt-cs4-f100-fa6-1iso-ellip83-rr/original-primary-m-none_e09_0001.dcm
2025-12-17 17:17:18 - INFO | Discovered sample: [DICOM] /home/rflaherty/test_dicoms/sub-01_ses-20240517-02_rec-PSN-on/20241022/91_0008_gremt-cs4-f100-fa10-1iso-ellip83-rr/original-primary-m-none_e09_0001.dcm
2025-12-17 17:17:19 - INFO | Discovered sample: [DICOM] /home/rflaherty/test_dicoms/sub-01_ses-20240517-02_rec-PSN-on/20241022/91_0009_gremt-cs4-f100-fa25-1iso-ellip83-rr/original-primary-m-none_e09_0001.dcm
2025-12-17 17:17:21 - INFO | Discovered sample: [DICOM] /home/rflaherty/test_dicoms/sub-01_ses-20240517-02_rec-PSN-on/20241022/91_0010_gremt-cs6-f4-fa10-1iso-ellip79-rr/original-primary-m-none_e09_0001.dcm
2025-12-17 17:17:22 - INFO | Discovered sample: [DICOM] /home/rflaherty/test_dicoms/sub-01_ses-20240517-02_rec-PSN-on/20241022/91_0011_gremt-cs6-f100-fa6-1iso-ellip79-rr/original-primary-m-none_e09_0001.dcm
2025-12-17 17:17:23 - INFO | Discovered sample: [DICOM] /home/rflaherty/test_dicoms/sub-01_ses-20240517-02_rec-PSN-on/20241022/91_0012_gremt-cs6-f100-fa10-1iso-ellip79-rr/original-primary-m-none_e09_0001.dcm
2025-12-17 17:17:25 - INFO | Discovered sample: [DICOM] /home/rflaherty/test_dicoms/sub-01_ses-20240517-02_rec-PSN-on/20241022/91_0013_gremt-cs9-f4-fa10-1iso-ellip76-rr/original-primary-m-none_e09_0001.dcm
2025-12-17 17:17:26 - INFO | Discovered sample: [DICOM] /home/rflaherty/test_dicoms/sub-01_ses-20240517-02_rec-PSN-on/20241022/91_0014_gremt-cs9-f100-fa6-1iso-ellip76-rr/original-primary-m-none_e09_0001.dcm
2025-12-17 17:17:28 - INFO | Discovered sample: [DICOM] /home/rflaherty/test_dicoms/sub-01_ses-20240517-02_rec-PSN-on/20241022/91_0015_gremt-cs9-f100-fa10-1iso-ellip76-rr/original-primary-m-none_e09_0001.dcm
2025-12-17 17:17:29 - INFO | Discovered sample: [DICOM] /home/rflaherty/test_dicoms/sub-01_ses-20240517-02_rec-PSN-on/20241022/91_0016_gremt-cs9-f100-fa25-1iso-ellip76-rr/original-primary-m-none_e09_0001.dcm
2025-12-17 17:17:30 - INFO | Discovered sample: [DICOM] /home/rflaherty/test_dicoms/sub-01_ses-20240517-02_rec-PSN-on/20241022/91_0017_gremt-cs6-f100-fa25-1iso-ellip79-rr/original-primary-m-none_e09_0001.dcm
2025-12-17 17:17:30 - VERBOSE | Executing plugin: events2bids -> /home/rflaherty/test_dicoms/sub-01_ses-20240517-02_rec-PSN-on
2025-12-17 17:17:30 - INFO | Mapping: /home/rflaherty/test_dicoms/sub-01_ses-20240718-02_rec-PSN-on (subject 3/10)
2025-12-17 17:17:30 - VERBOSE | Executing plugin: dcm2niix2bids -> /home/rflaherty/test_dicoms/sub-01_ses-20240718-02_rec-PSN-on
2025-12-17 17:17:48 - VERBOSE | Executing plugin: events2bids -> /home/rflaherty/test_dicoms/sub-01_ses-20240718-02_rec-PSN-on
2025-12-17 17:17:48 - INFO | Mapping: /home/rflaherty/test_dicoms/sub-01_ses-20250319_rec-PSN-on (subject 4/10)
2025-12-17 17:17:48 - VERBOSE | Executing plugin: dcm2niix2bids -> /home/rflaherty/test_dicoms/sub-01_ses-20250319_rec-PSN-on
2025-12-17 17:17:50 - INFO | Discovered sample: [DICOM] /home/rflaherty/test_dicoms/sub-01_ses-20250319_rec-PSN-on/20250825/00_0001_gremt-cs4-f100-fa25-1iso-ellip83-rr/original-primary-m-none_e09_0001.dcm
2025-12-17 17:17:51 - INFO | Discovered sample: [DICOM] /home/rflaherty/test_dicoms/sub-01_ses-20250319_rec-PSN-on/20250825/00_0003_gremt-cs4-f100-fa6-1iso-ellip83-rr/original-primary-m-none_e09_0001.dcm
2025-12-17 17:17:52 - INFO | Discovered sample: [DICOM] /home/rflaherty/test_dicoms/sub-01_ses-20250319_rec-PSN-on/20250825/00_0005_gremt-cs4-f100-fa10-1iso-ellip83-rr/original-primary-m-none_e09_0001.dcm
2025-12-17 17:17:54 - INFO | Discovered sample: [DICOM] /home/rflaherty/test_dicoms/sub-01_ses-20250319_rec-PSN-on/20250825/00_0007_gremt-cs4-f4-fa10-1iso-ellip83-rr/original-primary-m-none_e09_0001.dcm
2025-12-17 17:17:54 - VERBOSE | Executing plugin: events2bids -> /home/rflaherty/test_dicoms/sub-01_ses-20250319_rec-PSN-on
2025-12-17 17:17:54 - INFO | Mapping: /home/rflaherty/test_dicoms/sub-01_ses-20251121_acq-vibeMTc9_rec-DL6weak_rec-PSN-on-off (subject 5/10)
2025-12-17 17:17:54 - VERBOSE | Executing plugin: dcm2niix2bids -> /home/rflaherty/test_dicoms/sub-01_ses-20251121_acq-vibeMTc9_rec-DL6weak_rec-PSN-on-off
2025-12-17 17:17:55 - INFO | Discovered sample: [DICOM] /home/rflaherty/test_dicoms/sub-01_ses-20251121_acq-vibeMTc9_rec-DL6weak_rec-PSN-on-off/20250828/91_0001_vibemt-c9-f100-fa25-1iso-psnon/original-primary-m-none_e09_0001.dcm
2025-12-17 17:17:57 - INFO | Discovered sample: [DICOM] /home/rflaherty/test_dicoms/sub-01_ses-20251121_acq-vibeMTc9_rec-DL6weak_rec-PSN-on-off/20250828/91_0002_vibemt-c9-f100-fa25-1iso-psnoff/original-primary-m-none_e09_0001.dcm
2025-12-17 17:17:58 - INFO | Discovered sample: [DICOM] /home/rflaherty/test_dicoms/sub-01_ses-20251121_acq-vibeMTc9_rec-DL6weak_rec-PSN-on-off/20250828/91_0003_vibemt-c9-f100-fa6-1iso-psnon/original-primary-m-none_e09_0001.dcm
2025-12-17 17:17:59 - INFO | Discovered sample: [DICOM] /home/rflaherty/test_dicoms/sub-01_ses-20251121_acq-vibeMTc9_rec-DL6weak_rec-PSN-on-off/20250828/91_0004_vibemt-c9-f100-fa6-1iso-psnoff/original-primary-m-none_e09_0001.dcm
2025-12-17 17:18:01 - INFO | Discovered sample: [DICOM] /home/rflaherty/test_dicoms/sub-01_ses-20251121_acq-vibeMTc9_rec-DL6weak_rec-PSN-on-off/20250828/91_0005_vibemt-c9-f100-fa10-1iso-psnon/original-primary-m-none_e09_0001.dcm
2025-12-17 17:18:02 - INFO | Discovered sample: [DICOM] /home/rflaherty/test_dicoms/sub-01_ses-20251121_acq-vibeMTc9_rec-DL6weak_rec-PSN-on-off/20250828/91_0006_vibemt-c9-f100-fa10-1iso-psnoff/original-primary-m-none_e09_0001.dcm
2025-12-17 17:18:04 - INFO | Discovered sample: [DICOM] /home/rflaherty/test_dicoms/sub-01_ses-20251121_acq-vibeMTc9_rec-DL6weak_rec-PSN-on-off/20250828/91_0007_vibemt-c9-f4-fa10-1iso-psnon/original-primary-m-none_e09_0001.dcm
2025-12-17 17:18:06 - INFO | Discovered sample: [DICOM] /home/rflaherty/test_dicoms/sub-01_ses-20251121_acq-vibeMTc9_rec-DL6weak_rec-PSN-on-off/20250828/91_0008_vibemt-c9-f4-fa10-1iso-psnoff/original-primary-m-none_e09_0001.dcm
2025-12-17 17:18:06 - VERBOSE | Executing plugin: events2bids -> /home/rflaherty/test_dicoms/sub-01_ses-20251121_acq-vibeMTc9_rec-DL6weak_rec-PSN-on-off
2025-12-17 17:18:06 - INFO | Mapping: /home/rflaherty/test_dicoms/sub-02 (subject 6/10)
2025-12-17 17:18:06 - VERBOSE | Executing plugin: dcm2niix2bids -> /home/rflaherty/test_dicoms/sub-02
2025-12-17 17:18:29 - INFO | Discovered sample: [DICOM] /home/rflaherty/test_dicoms/sub-02/20240828/00_0019_vibemt-cs9-f4-fa10-1iso-ellip70/original-primary-m-none_e09_0001.dcm
2025-12-17 17:18:31 - INFO | Discovered sample: [DICOM] /home/rflaherty/test_dicoms/sub-02/20240828/00_0026_vibemt-cs9-f100-fa10-1iso-ellip70/original-primary-m-none_e09_0001.dcm
2025-12-17 17:18:50 - INFO | Discovered sample: [DICOM] /home/rflaherty/test_dicoms/sub-02/20240828/00_0039_vibemt-cs9-f100-fa6-1iso-ellip70/original-primary-m-none_e09_0001.dcm
2025-12-17 17:18:52 - INFO | Discovered sample: [DICOM] /home/rflaherty/test_dicoms/sub-02/20240828/00_0040_vibemt-cs9-f100-fa25-1iso-ellip70/original-primary-m-none_e09_0001.dcm
2025-12-17 17:18:53 - INFO | Discovered sample: [DICOM] /home/rflaherty/test_dicoms/sub-02/20240828/00_0041_vibemt-cs9-f100-fa25-1iso-ellip70-rr/original-primary-m-none_e09_0001.dcm
2025-12-17 17:18:55 - INFO | Discovered sample: [DICOM] /home/rflaherty/test_dicoms/sub-02/20240828/00_0042_vibemt-cs9-f100-fa6-1iso-ellip70-rr/original-primary-m-none_e09_0001.dcm
2025-12-17 17:18:57 - INFO | Discovered sample: [DICOM] /home/rflaherty/test_dicoms/sub-02/20240828/00_0043_vibemt-cs9-f100-fa10-1iso-ellip70-rr/original-primary-m-none_e09_0001.dcm
2025-12-17 17:18:58 - INFO | Discovered sample: [DICOM] /home/rflaherty/test_dicoms/sub-02/20240828/00_0044_vibemt-cs9-f4-fa10-1iso-ellip70-rr/original-primary-m-none_e09_0001.dcm
2025-12-17 17:19:05 - VERBOSE | Executing plugin: events2bids -> /home/rflaherty/test_dicoms/sub-02
2025-12-17 17:19:05 - INFO | Mapping: /home/rflaherty/test_dicoms/sub-02_ses-20240828-02_rec-PSN-on (subject 7/10)
2025-12-17 17:19:05 - VERBOSE | Executing plugin: dcm2niix2bids -> /home/rflaherty/test_dicoms/sub-02_ses-20240828-02_rec-PSN-on
2025-12-17 17:19:25 - VERBOSE | Executing plugin: events2bids -> /home/rflaherty/test_dicoms/sub-02_ses-20240828-02_rec-PSN-on
2025-12-17 17:19:25 - INFO | Mapping: /home/rflaherty/test_dicoms/sub-02_ses-20241024_acq-greMTcs9_rec-CC-off (subject 8/10)
2025-12-17 17:19:25 - VERBOSE | Executing plugin: dcm2niix2bids -> /home/rflaherty/test_dicoms/sub-02_ses-20241024_acq-greMTcs9_rec-CC-off
2025-12-17 17:19:34 - INFO | Discovered sample: [DICOM] /home/rflaherty/test_dicoms/sub-02_ses-20241024_acq-greMTcs9_rec-CC-off/20241024/38928_0011_t1-mpr-fwe-1iso-cs4-6/original-primary-m-none_e09_0001.dcm
2025-12-17 17:19:43 - WARNING | Not all .dcm-files in '/home/rflaherty/test_dicoms/sub-02_ses-20241024_acq-greMTcs9_rec-CC-off/20241024/38928_0099_phoenixzipreport' have the same size. This may be OK but can also be indicative of a truncated acquisition or file corruption(s)
2025-12-17 17:19:43 - VERBOSE | Executing plugin: events2bids -> /home/rflaherty/test_dicoms/sub-02_ses-20241024_acq-greMTcs9_rec-CC-off
2025-12-17 17:19:43 - INFO | Mapping: /home/rflaherty/test_dicoms/sub-03 (subject 9/10)
2025-12-17 17:19:43 - VERBOSE | Executing plugin: dcm2niix2bids -> /home/rflaherty/test_dicoms/sub-03
2025-12-17 17:20:22 - WARNING | Not all .dcm-files in '/home/rflaherty/test_dicoms/sub-03/20240903/982_0099_phoenixzipreport' have the same size. This may be OK but can also be indicative of a truncated acquisition or file corruption(s)
2025-12-17 17:20:24 - INFO | Discovered sample: [DICOM] /home/rflaherty/test_dicoms/sub-03/20240910/982_0043_vibemt-c6-f4-fa10-1iso-rr/original-primary-m-none_e09_0001.dcm
2025-12-17 17:20:26 - INFO | Discovered sample: [DICOM] /home/rflaherty/test_dicoms/sub-03/20240910/982_0044_vibemt-c6-f100-fa10-1iso-rr/original-primary-m-none_e09_0001.dcm
2025-12-17 17:20:27 - INFO | Discovered sample: [DICOM] /home/rflaherty/test_dicoms/sub-03/20240910/982_0045_vibemt-c6-f100-fa6-1iso-rr/original-primary-m-none_e09_0001.dcm
2025-12-17 17:20:29 - INFO | Discovered sample: [DICOM] /home/rflaherty/test_dicoms/sub-03/20240910/982_0046_vibemt-c6-f100-fa25-1iso-rr/original-primary-m-none_e09_0001.dcm
2025-12-17 17:20:30 - INFO | Discovered sample: [DICOM] /home/rflaherty/test_dicoms/sub-03/20240910/982_0047_vibemt-c9-f4-fa10-1iso-rr/original-primary-m-none_e09_0001.dcm
2025-12-17 17:20:32 - INFO | Discovered sample: [DICOM] /home/rflaherty/test_dicoms/sub-03/20240910/982_0048_vibemt-c9-f100-fa10-1iso-rr/original-primary-m-none_e09_0001.dcm
2025-12-17 17:20:33 - INFO | Discovered sample: [DICOM] /home/rflaherty/test_dicoms/sub-03/20240910/982_0049_vibemt-c9-f100-fa6-1iso-rr/original-primary-m-none_e09_0001.dcm
2025-12-17 17:20:35 - INFO | Discovered sample: [DICOM] /home/rflaherty/test_dicoms/sub-03/20240910/982_0050_vibemt-c9-f100-fa25-1iso-rr/original-primary-m-none_e09_0001.dcm
2025-12-17 17:20:37 - INFO | Discovered sample: [DICOM] /home/rflaherty/test_dicoms/sub-03/20240910/982_0051_vibemt-c4-f4-fa10-1iso-rr/original-primary-m-none_e09_0001.dcm
2025-12-17 17:20:38 - INFO | Discovered sample: [DICOM] /home/rflaherty/test_dicoms/sub-03/20240910/982_0052_vibemt-c4-f100-fa10-1iso-rr/original-primary-m-none_e09_0001.dcm
2025-12-17 17:20:40 - INFO | Discovered sample: [DICOM] /home/rflaherty/test_dicoms/sub-03/20240910/982_0053_vibemt-c4-f100-fa25-1iso-rr/original-primary-m-none_e09_0001.dcm
2025-12-17 17:20:41 - INFO | Discovered sample: [DICOM] /home/rflaherty/test_dicoms/sub-03/20240910/982_0054_vibemt-c4-f100-fa6-1iso-rr/original-primary-m-none_e09_0001.dcm
2025-12-17 17:20:43 - INFO | Discovered sample: [DICOM] /home/rflaherty/test_dicoms/sub-03/20240925/982_0059_vibemt-c4-f100-fa25-1iso-rr-rr-noisestddev/original-primary-m-none_e09_0001.dcm
2025-12-17 17:20:44 - INFO | Discovered sample: [DICOM] /home/rflaherty/test_dicoms/sub-03/20240925/982_0059_vibemt-c6-f100-fa25-1iso-rr-rr-noisestddev/original-primary-m-none_e09_0001.dcm
2025-12-17 17:20:46 - INFO | Discovered sample: [DICOM] /home/rflaherty/test_dicoms/sub-03/20240925/982_0059_vibemt-c9-f100-fa25-1iso-rr-rr-noisestddev/original-primary-m-none_e09_0001.dcm
2025-12-17 17:20:48 - INFO | Discovered sample: [DICOM] /home/rflaherty/test_dicoms/sub-03/20240925/982_0083_vibemt-c4-f100-fa25-1iso-rr-rr-noise/original-primary-m-none_e09_0001.dcm
2025-12-17 17:20:49 - INFO | Discovered sample: [DICOM] /home/rflaherty/test_dicoms/sub-03/20240925/982_0084_vibemt-c4-f100-fa25-1iso-rr-rr-mean/original-primary-m-none_e09_0001.dcm
2025-12-17 17:20:51 - INFO | Discovered sample: [DICOM] /home/rflaherty/test_dicoms/sub-03/20240925/982_0085_vibemt-c4-f100-fa25-1iso-rr-rr-snr/original-primary-snr-none_e09_0001.dcm
2025-12-17 17:20:52 - INFO | Discovered sample: [DICOM] /home/rflaherty/test_dicoms/sub-03/20240925/982_0086_vibemt-c6-f100-fa25-1iso-rr-rr-noise/original-primary-m-none_e09_0001.dcm
2025-12-17 17:20:54 - INFO | Discovered sample: [DICOM] /home/rflaherty/test_dicoms/sub-03/20240925/982_0087_vibemt-c6-f100-fa25-1iso-rr-rr-mean/original-primary-m-none_e09_0001.dcm
2025-12-17 17:20:55 - INFO | Discovered sample: [DICOM] /home/rflaherty/test_dicoms/sub-03/20240925/982_0088_vibemt-c6-f100-fa25-1iso-rr-rr-snr/original-primary-snr-none_e09_0001.dcm
2025-12-17 17:20:57 - INFO | Discovered sample: [DICOM] /home/rflaherty/test_dicoms/sub-03/20240925/982_0089_vibemt-c9-f100-fa25-1iso-rr-rr-noise/original-primary-m-none_e09_0001.dcm
2025-12-17 17:20:58 - INFO | Discovered sample: [DICOM] /home/rflaherty/test_dicoms/sub-03/20240925/982_0090_vibemt-c9-f100-fa25-1iso-rr-rr-mean/original-primary-m-none_e09_0001.dcm
2025-12-17 17:21:00 - INFO | Discovered sample: [DICOM] /home/rflaherty/test_dicoms/sub-03/20240925/982_0091_vibemt-c9-f100-fa25-1iso-rr-rr-snr/original-primary-snr-none_e09_0001.dcm
2025-12-17 17:21:00 - VERBOSE | Executing plugin: events2bids -> /home/rflaherty/test_dicoms/sub-03
2025-12-17 17:21:00 - INFO | Mapping: /home/rflaherty/test_dicoms/sub-03_ses-20240903-02_rec-PSN-on (subject 10/10)
2025-12-17 17:21:00 - VERBOSE | Executing plugin: dcm2niix2bids -> /home/rflaherty/test_dicoms/sub-03_ses-20240903-02_rec-PSN-on
2025-12-17 17:21:18 - VERBOSE | Executing plugin: events2bids -> /home/rflaherty/test_dicoms/sub-03_ses-20240903-02_rec-PSN-on
2025-12-17 17:21:18 - INFO | Checking the bidsmap run-items:
2025-12-17 17:21:18 - SUCCESS | All run-items in the bidsmap are valid
2025-12-17 17:21:18 - INFO | Saving bidsmap in: /home/rflaherty/normabrain/bids/code/bidscoin/bidsmap.yaml
2025-12-17 17:21:18 - INFO | -------------- FINISHED! -------------------
2025-12-17 17:21:18 - INFO | 
2025-12-17 17:21:18 - INFO | The following BIDScoin errors and warnings were reported:

>>>>>>>>>>>>>>>>>>>>>>>>>>>>>>>>>>>>>>>>
2025-12-17 17:16:21 - WARNING | Not all .dcm-files in '/home/rflaherty/test_dicoms/sub-01/20250319/00_0099_phoenixzipreport' have the same size. This may be OK but can also be indicative of a truncated acquisition or file corruption(s)
2025-12-17 17:19:43 - WARNING | Not all .dcm-files in '/home/rflaherty/test_dicoms/sub-02_ses-20241024_acq-greMTcs9_rec-CC-off/20241024/38928_0099_phoenixzipreport' have the same size. This may be OK but can also be indicative of a truncated acquisition or file corruption(s)
2025-12-17 17:20:22 - WARNING | Not all .dcm-files in '/home/rflaherty/test_dicoms/sub-03/20240903/982_0099_phoenixzipreport' have the same size. This may be OK but can also be indicative of a truncated acquisition or file corruption(s)
<<<<<<<<<<<<<<<<<<<<<<<<<<<<<<<<<<<<<<<<

2025-12-17 17:21:18 - INFO | For the complete detailed log see: /home/rflaherty/normabrain/bids/code/bidscoin/bidsmapper.log
NB: That folder may contain privacy sensitive information, e.g. pathnames in logfiles and provenance data samples
2025-12-17 17:53:20 - INFO | 
2025-12-17 17:53:20 - INFO | -------------- START BIDSmapper ------------
2025-12-17 17:53:20 - INFO | >>> bidsmapper sourcefolder=/home/rflaherty/test_dicoms/raw bidsfolder=/home/rflaherty/normabrain/bids bidsmap=bidsmap.yaml template=bidsmap_dccn.yaml plugins=[] subprefix=None sesprefix=None store=False force=False
2025-12-17 17:53:20 - INFO | Reading: /home/rflaherty/normabrain/bids/code/bidscoin/bidsmap.yaml
2025-12-17 17:53:21 - INFO | Checking the bidsmap run-items:
2025-12-17 17:53:21 - SUCCESS | All run-items in the bidsmap are valid
2025-12-17 17:53:21 - INFO | Reading: /home/rflaherty/normabrain/bidsmap_dccn.yaml
2025-12-17 17:53:22 - INFO | Checking the bidsmap run-items:
2025-12-17 17:53:22 - VERBOSE | Could not validate every run-item in the bidsmap
2025-12-17 17:53:22 - VERBOSE | Checking the template bidsmap datatypes:
2025-12-17 17:53:22 - SUCCESS | All datatypes and options in the template bidsmap are valid
2025-12-17 17:53:22 - INFO | Mapping: /home/rflaherty/test_dicoms/raw/sub-01_ses-20240517-02_rec-PSN-on (subject 1/7)
2025-12-17 17:53:22 - VERBOSE | Executing plugin: dcm2niix2bids -> /home/rflaherty/test_dicoms/raw/sub-01_ses-20240517-02_rec-PSN-on
2025-12-17 17:53:34 - VERBOSE | Executing plugin: events2bids -> /home/rflaherty/test_dicoms/raw/sub-01_ses-20240517-02_rec-PSN-on
2025-12-17 17:53:34 - INFO | Mapping: /home/rflaherty/test_dicoms/raw/sub-01_ses-20240718-02_rec-PSN-on (subject 2/7)
2025-12-17 17:53:34 - VERBOSE | Executing plugin: dcm2niix2bids -> /home/rflaherty/test_dicoms/raw/sub-01_ses-20240718-02_rec-PSN-on
2025-12-17 17:53:45 - VERBOSE | Executing plugin: events2bids -> /home/rflaherty/test_dicoms/raw/sub-01_ses-20240718-02_rec-PSN-on
2025-12-17 17:53:45 - INFO | Mapping: /home/rflaherty/test_dicoms/raw/sub-01_ses-20250319_rec-PSN-on (subject 3/7)
2025-12-17 17:53:45 - VERBOSE | Executing plugin: dcm2niix2bids -> /home/rflaherty/test_dicoms/raw/sub-01_ses-20250319_rec-PSN-on
2025-12-17 17:53:49 - VERBOSE | Executing plugin: events2bids -> /home/rflaherty/test_dicoms/raw/sub-01_ses-20250319_rec-PSN-on
2025-12-17 17:53:49 - INFO | Mapping: /home/rflaherty/test_dicoms/raw/sub-01_ses-20251121_acq-vibeMTc9_rec-DL6weak_rec-PSN-on-off (subject 4/7)
2025-12-17 17:53:49 - VERBOSE | Executing plugin: dcm2niix2bids -> /home/rflaherty/test_dicoms/raw/sub-01_ses-20251121_acq-vibeMTc9_rec-DL6weak_rec-PSN-on-off
2025-12-17 17:53:56 - VERBOSE | Executing plugin: events2bids -> /home/rflaherty/test_dicoms/raw/sub-01_ses-20251121_acq-vibeMTc9_rec-DL6weak_rec-PSN-on-off
2025-12-17 17:53:56 - INFO | Mapping: /home/rflaherty/test_dicoms/raw/sub-02_ses-20240828-02_rec-PSN-on (subject 5/7)
2025-12-17 17:53:56 - VERBOSE | Executing plugin: dcm2niix2bids -> /home/rflaherty/test_dicoms/raw/sub-02_ses-20240828-02_rec-PSN-on
2025-12-17 17:54:08 - VERBOSE | Executing plugin: events2bids -> /home/rflaherty/test_dicoms/raw/sub-02_ses-20240828-02_rec-PSN-on
2025-12-17 17:54:08 - INFO | Mapping: /home/rflaherty/test_dicoms/raw/sub-02_ses-20241024_acq-greMTcs9_rec-CC-off (subject 6/7)
2025-12-17 17:54:08 - VERBOSE | Executing plugin: dcm2niix2bids -> /home/rflaherty/test_dicoms/raw/sub-02_ses-20241024_acq-greMTcs9_rec-CC-off
2025-12-17 17:54:18 - WARNING | Not all .dcm-files in '/home/rflaherty/test_dicoms/raw/sub-02_ses-20241024_acq-greMTcs9_rec-CC-off/20241024/38928_0099_phoenixzipreport' have the same size. This may be OK but can also be indicative of a truncated acquisition or file corruption(s)
2025-12-17 17:54:19 - VERBOSE | Executing plugin: events2bids -> /home/rflaherty/test_dicoms/raw/sub-02_ses-20241024_acq-greMTcs9_rec-CC-off
2025-12-17 17:54:19 - INFO | Mapping: /home/rflaherty/test_dicoms/raw/sub-03_ses-20240903-02_rec-PSN-on (subject 7/7)
2025-12-17 17:54:19 - VERBOSE | Executing plugin: dcm2niix2bids -> /home/rflaherty/test_dicoms/raw/sub-03_ses-20240903-02_rec-PSN-on
2025-12-17 17:54:31 - VERBOSE | Executing plugin: events2bids -> /home/rflaherty/test_dicoms/raw/sub-03_ses-20240903-02_rec-PSN-on
2025-12-17 17:54:31 - INFO | Opening the bidseditor
2025-12-17 17:54:31 - ERROR | Could not parse required sub-<label> label from [DICOM] /home/rflaherty/test_dicoms/raw/sub-02_ses-20241024_acq-greMTcs9_rec-CC-off/20241024/38928_0006_tfl-b1map-sag/original-primary-flip-angle-map-none_e09_0001.dcm using: <<filepath:/raw/test_dicoms/sub-(.*?)/>> -> 'sub-'
2025-12-17 17:54:32 - ERROR | Could not parse required sub-<label> label from [DICOM] /home/rflaherty/test_dicoms/raw/sub-01_ses-20240517-02_rec-PSN-on/20241022/91_0006_gremt-cs4-f4-fa10-1iso-ellip83-rr/original-primary-m-none_e09_0001.dcm using: <<filepath:/raw/test_dicoms/sub-(.*?)/>> -> 'sub-'
2025-12-17 17:54:32 - ERROR | Could not parse required sub-<label> label from [DICOM] /home/rflaherty/test_dicoms/raw/sub-01_ses-20240517-02_rec-PSN-on/20241022/91_0007_gremt-cs4-f100-fa6-1iso-ellip83-rr/original-primary-m-none_e09_0001.dcm using: <<filepath:/raw/test_dicoms/sub-(.*?)/>> -> 'sub-'
2025-12-17 17:54:33 - ERROR | Could not parse required sub-<label> label from [DICOM] /home/rflaherty/test_dicoms/raw/sub-01_ses-20240517-02_rec-PSN-on/20241022/91_0008_gremt-cs4-f100-fa10-1iso-ellip83-rr/original-primary-m-none_e09_0001.dcm using: <<filepath:/raw/test_dicoms/sub-(.*?)/>> -> 'sub-'
2025-12-17 17:54:34 - ERROR | Could not parse required sub-<label> label from [DICOM] /home/rflaherty/test_dicoms/raw/sub-01_ses-20240517-02_rec-PSN-on/20241022/91_0009_gremt-cs4-f100-fa25-1iso-ellip83-rr/original-primary-m-none_e09_0001.dcm using: <<filepath:/raw/test_dicoms/sub-(.*?)/>> -> 'sub-'
2025-12-17 17:54:34 - ERROR | Could not parse required sub-<label> label from [DICOM] /home/rflaherty/test_dicoms/raw/sub-01_ses-20240517-02_rec-PSN-on/20241022/91_0010_gremt-cs6-f4-fa10-1iso-ellip79-rr/original-primary-m-none_e09_0001.dcm using: <<filepath:/raw/test_dicoms/sub-(.*?)/>> -> 'sub-'
2025-12-17 17:54:35 - ERROR | Could not parse required sub-<label> label from [DICOM] /home/rflaherty/test_dicoms/raw/sub-01_ses-20240517-02_rec-PSN-on/20241022/91_0011_gremt-cs6-f100-fa6-1iso-ellip79-rr/original-primary-m-none_e09_0001.dcm using: <<filepath:/raw/test_dicoms/sub-(.*?)/>> -> 'sub-'
2025-12-17 17:54:35 - ERROR | Could not parse required sub-<label> label from [DICOM] /home/rflaherty/test_dicoms/raw/sub-01_ses-20240517-02_rec-PSN-on/20241022/91_0012_gremt-cs6-f100-fa10-1iso-ellip79-rr/original-primary-m-none_e09_0001.dcm using: <<filepath:/raw/test_dicoms/sub-(.*?)/>> -> 'sub-'
2025-12-17 17:54:36 - ERROR | Could not parse required sub-<label> label from [DICOM] /home/rflaherty/test_dicoms/raw/sub-01_ses-20240517-02_rec-PSN-on/20241022/91_0013_gremt-cs9-f4-fa10-1iso-ellip76-rr/original-primary-m-none_e09_0001.dcm using: <<filepath:/raw/test_dicoms/sub-(.*?)/>> -> 'sub-'
2025-12-17 17:54:36 - ERROR | Could not parse required sub-<label> label from [DICOM] /home/rflaherty/test_dicoms/raw/sub-01_ses-20240517-02_rec-PSN-on/20241022/91_0014_gremt-cs9-f100-fa6-1iso-ellip76-rr/original-primary-m-none_e09_0001.dcm using: <<filepath:/raw/test_dicoms/sub-(.*?)/>> -> 'sub-'
2025-12-17 17:54:37 - ERROR | Could not parse required sub-<label> label from [DICOM] /home/rflaherty/test_dicoms/raw/sub-01_ses-20240517-02_rec-PSN-on/20241022/91_0015_gremt-cs9-f100-fa10-1iso-ellip76-rr/original-primary-m-none_e09_0001.dcm using: <<filepath:/raw/test_dicoms/sub-(.*?)/>> -> 'sub-'
2025-12-17 17:54:37 - ERROR | Could not parse required sub-<label> label from [DICOM] /home/rflaherty/test_dicoms/raw/sub-01_ses-20240517-02_rec-PSN-on/20241022/91_0016_gremt-cs9-f100-fa25-1iso-ellip76-rr/original-primary-m-none_e09_0001.dcm using: <<filepath:/raw/test_dicoms/sub-(.*?)/>> -> 'sub-'
2025-12-17 17:54:38 - ERROR | Could not parse required sub-<label> label from [DICOM] /home/rflaherty/test_dicoms/raw/sub-01_ses-20240517-02_rec-PSN-on/20241022/91_0017_gremt-cs6-f100-fa25-1iso-ellip79-rr/original-primary-m-none_e09_0001.dcm using: <<filepath:/raw/test_dicoms/sub-(.*?)/>> -> 'sub-'
2025-12-17 17:54:38 - ERROR | Could not parse required sub-<label> label from [DICOM] /home/rflaherty/test_dicoms/raw/sub-01_ses-20250319_rec-PSN-on/20250825/00_0001_gremt-cs4-f100-fa25-1iso-ellip83-rr/original-primary-m-none_e09_0001.dcm using: <<filepath:/raw/test_dicoms/sub-(.*?)/>> -> 'sub-'
2025-12-17 17:54:39 - ERROR | Could not parse required sub-<label> label from [DICOM] /home/rflaherty/test_dicoms/raw/sub-01_ses-20250319_rec-PSN-on/20250825/00_0003_gremt-cs4-f100-fa6-1iso-ellip83-rr/original-primary-m-none_e09_0001.dcm using: <<filepath:/raw/test_dicoms/sub-(.*?)/>> -> 'sub-'
2025-12-17 17:54:39 - ERROR | Could not parse required sub-<label> label from [DICOM] /home/rflaherty/test_dicoms/raw/sub-01_ses-20250319_rec-PSN-on/20250825/00_0005_gremt-cs4-f100-fa10-1iso-ellip83-rr/original-primary-m-none_e09_0001.dcm using: <<filepath:/raw/test_dicoms/sub-(.*?)/>> -> 'sub-'
2025-12-17 17:54:40 - ERROR | Could not parse required sub-<label> label from [DICOM] /home/rflaherty/test_dicoms/raw/sub-01_ses-20250319_rec-PSN-on/20250825/00_0007_gremt-cs4-f4-fa10-1iso-ellip83-rr/original-primary-m-none_e09_0001.dcm using: <<filepath:/raw/test_dicoms/sub-(.*?)/>> -> 'sub-'
2025-12-17 17:54:40 - ERROR | Could not parse required sub-<label> label from [DICOM] /home/rflaherty/test_dicoms/raw/sub-01_ses-20251121_acq-vibeMTc9_rec-DL6weak_rec-PSN-on-off/20250828/91_0001_vibemt-c9-f100-fa25-1iso-psnon/original-primary-m-none_e09_0001.dcm using: <<filepath:/raw/test_dicoms/sub-(.*?)/>> -> 'sub-'
2025-12-17 17:54:41 - ERROR | Could not parse required sub-<label> label from [DICOM] /home/rflaherty/test_dicoms/raw/sub-01_ses-20251121_acq-vibeMTc9_rec-DL6weak_rec-PSN-on-off/20250828/91_0002_vibemt-c9-f100-fa25-1iso-psnoff/original-primary-m-none_e09_0001.dcm using: <<filepath:/raw/test_dicoms/sub-(.*?)/>> -> 'sub-'
2025-12-17 17:54:41 - ERROR | Could not parse required sub-<label> label from [DICOM] /home/rflaherty/test_dicoms/raw/sub-01_ses-20251121_acq-vibeMTc9_rec-DL6weak_rec-PSN-on-off/20250828/91_0003_vibemt-c9-f100-fa6-1iso-psnon/original-primary-m-none_e09_0001.dcm using: <<filepath:/raw/test_dicoms/sub-(.*?)/>> -> 'sub-'
2025-12-17 17:54:42 - ERROR | Could not parse required sub-<label> label from [DICOM] /home/rflaherty/test_dicoms/raw/sub-01_ses-20251121_acq-vibeMTc9_rec-DL6weak_rec-PSN-on-off/20250828/91_0004_vibemt-c9-f100-fa6-1iso-psnoff/original-primary-m-none_e09_0001.dcm using: <<filepath:/raw/test_dicoms/sub-(.*?)/>> -> 'sub-'
2025-12-17 17:54:42 - ERROR | Could not parse required sub-<label> label from [DICOM] /home/rflaherty/test_dicoms/raw/sub-01_ses-20251121_acq-vibeMTc9_rec-DL6weak_rec-PSN-on-off/20250828/91_0005_vibemt-c9-f100-fa10-1iso-psnon/original-primary-m-none_e09_0001.dcm using: <<filepath:/raw/test_dicoms/sub-(.*?)/>> -> 'sub-'
2025-12-17 17:54:43 - ERROR | Could not parse required sub-<label> label from [DICOM] /home/rflaherty/test_dicoms/raw/sub-01_ses-20251121_acq-vibeMTc9_rec-DL6weak_rec-PSN-on-off/20250828/91_0006_vibemt-c9-f100-fa10-1iso-psnoff/original-primary-m-none_e09_0001.dcm using: <<filepath:/raw/test_dicoms/sub-(.*?)/>> -> 'sub-'
2025-12-17 17:54:43 - ERROR | Could not parse required sub-<label> label from [DICOM] /home/rflaherty/test_dicoms/raw/sub-01_ses-20251121_acq-vibeMTc9_rec-DL6weak_rec-PSN-on-off/20250828/91_0007_vibemt-c9-f4-fa10-1iso-psnon/original-primary-m-none_e09_0001.dcm using: <<filepath:/raw/test_dicoms/sub-(.*?)/>> -> 'sub-'
2025-12-17 17:54:44 - ERROR | Could not parse required sub-<label> label from [DICOM] /home/rflaherty/test_dicoms/raw/sub-01_ses-20251121_acq-vibeMTc9_rec-DL6weak_rec-PSN-on-off/20250828/91_0008_vibemt-c9-f4-fa10-1iso-psnoff/original-primary-m-none_e09_0001.dcm using: <<filepath:/raw/test_dicoms/sub-(.*?)/>> -> 'sub-'
2025-12-17 17:54:44 - ERROR | Could not parse required sub-<label> label from [DICOM] /home/rflaherty/test_dicoms/raw/sub-02_ses-20241024_acq-greMTcs9_rec-CC-off/20241024/38928_0007_gremt-cs9-f4-fa10-1iso-ellip76/original-primary-m-none_e09_0001.dcm using: <<filepath:/raw/test_dicoms/sub-(.*?)/>> -> 'sub-'
2025-12-17 17:54:45 - ERROR | Could not parse required sub-<label> label from [DICOM] /home/rflaherty/test_dicoms/raw/sub-02_ses-20241024_acq-greMTcs9_rec-CC-off/20241024/38928_0008_gremt-cs9-f100-fa10-1iso-ellip76/original-primary-m-none_e09_0001.dcm using: <<filepath:/raw/test_dicoms/sub-(.*?)/>> -> 'sub-'
2025-12-17 17:54:45 - ERROR | Could not parse required sub-<label> label from [DICOM] /home/rflaherty/test_dicoms/raw/sub-02_ses-20241024_acq-greMTcs9_rec-CC-off/20241024/38928_0009_gremt-cs9-f100-fa6-1iso-ellip76/original-primary-m-none_e09_0001.dcm using: <<filepath:/raw/test_dicoms/sub-(.*?)/>> -> 'sub-'
2025-12-17 17:54:46 - ERROR | Could not parse required sub-<label> label from [DICOM] /home/rflaherty/test_dicoms/raw/sub-02_ses-20241024_acq-greMTcs9_rec-CC-off/20241024/38928_0010_gremt-cs9-f100-fa25-1iso-ellip76/original-primary-m-none_e09_0001.dcm using: <<filepath:/raw/test_dicoms/sub-(.*?)/>> -> 'sub-'
2025-12-17 17:54:47 - ERROR | Could not parse required sub-<label> label from [DICOM] /home/rflaherty/test_dicoms/raw/sub-02_ses-20241024_acq-greMTcs9_rec-CC-off/20241024/38928_0011_t1-mpr-fwe-1iso-cs4-6/original-primary-m-none_e09_0001.dcm using: <<filepath:/raw/test_dicoms/sub-(.*?)/>> -> 'sub-'
2025-12-17 17:54:47 - ERROR | Could not parse required sub-<label> label from [DICOM] /home/rflaherty/test_dicoms/raw/sub-01_ses-20240517-02_rec-PSN-on/20241022/91_0099_phoenixzipreport/original-primary-other-csa-report_e09_0007.dcm using: <<filepath:/raw/test_dicoms/sub-(.*?)/>> -> 'sub-'
2025-12-17 17:56:29 - VERBOSE | User is editing /home/rflaherty/test_dicoms/raw/sub-01_ses-20240517-02_rec-PSN-on/20241022/91_0012_gremt-cs6-f100-fa10-1iso-ellip79-rr/original-primary-m-none_e09_0001.dcm
2025-12-17 17:56:29 - ERROR | Could not parse required sub-<label> label from [DICOM] /home/rflaherty/test_dicoms/raw/sub-01_ses-20240517-02_rec-PSN-on/20241022/91_0012_gremt-cs6-f100-fa10-1iso-ellip79-rr/original-primary-m-none_e09_0001.dcm using: <<filepath:/raw/test_dicoms/sub-(.*?)/>> -> 'sub-'
2025-12-17 17:56:59 - VERBOSE | User has canceled the edit
2025-12-17 17:58:32 - VERBOSE | User sets DICOM['participant_id'] from '<<filepath:/raw/test_dicoms/sub-(.*?)/>>' to '<<filepath:/raw/test_dicoms/sub-(.*?)_/>>'
2025-12-17 17:58:32 - ERROR | Could not parse required sub-<label> label from [DICOM] /home/rflaherty/test_dicoms/raw/sub-02_ses-20241024_acq-greMTcs9_rec-CC-off/20241024/38928_0006_tfl-b1map-sag/original-primary-flip-angle-map-none_e09_0001.dcm using: <<filepath:/raw/test_dicoms/sub-(.*?)_/>> -> 'sub-'
2025-12-17 17:58:32 - ERROR | Could not parse required sub-<label> label from [DICOM] /home/rflaherty/test_dicoms/raw/sub-01_ses-20240517-02_rec-PSN-on/20241022/91_0006_gremt-cs4-f4-fa10-1iso-ellip83-rr/original-primary-m-none_e09_0001.dcm using: <<filepath:/raw/test_dicoms/sub-(.*?)_/>> -> 'sub-'
2025-12-17 17:58:32 - ERROR | Could not parse required sub-<label> label from [DICOM] /home/rflaherty/test_dicoms/raw/sub-01_ses-20240517-02_rec-PSN-on/20241022/91_0007_gremt-cs4-f100-fa6-1iso-ellip83-rr/original-primary-m-none_e09_0001.dcm using: <<filepath:/raw/test_dicoms/sub-(.*?)_/>> -> 'sub-'
2025-12-17 17:58:32 - ERROR | Could not parse required sub-<label> label from [DICOM] /home/rflaherty/test_dicoms/raw/sub-01_ses-20240517-02_rec-PSN-on/20241022/91_0008_gremt-cs4-f100-fa10-1iso-ellip83-rr/original-primary-m-none_e09_0001.dcm using: <<filepath:/raw/test_dicoms/sub-(.*?)_/>> -> 'sub-'
2025-12-17 17:58:32 - ERROR | Could not parse required sub-<label> label from [DICOM] /home/rflaherty/test_dicoms/raw/sub-01_ses-20240517-02_rec-PSN-on/20241022/91_0009_gremt-cs4-f100-fa25-1iso-ellip83-rr/original-primary-m-none_e09_0001.dcm using: <<filepath:/raw/test_dicoms/sub-(.*?)_/>> -> 'sub-'
2025-12-17 17:58:32 - ERROR | Could not parse required sub-<label> label from [DICOM] /home/rflaherty/test_dicoms/raw/sub-01_ses-20240517-02_rec-PSN-on/20241022/91_0010_gremt-cs6-f4-fa10-1iso-ellip79-rr/original-primary-m-none_e09_0001.dcm using: <<filepath:/raw/test_dicoms/sub-(.*?)_/>> -> 'sub-'
2025-12-17 17:58:32 - ERROR | Could not parse required sub-<label> label from [DICOM] /home/rflaherty/test_dicoms/raw/sub-01_ses-20240517-02_rec-PSN-on/20241022/91_0011_gremt-cs6-f100-fa6-1iso-ellip79-rr/original-primary-m-none_e09_0001.dcm using: <<filepath:/raw/test_dicoms/sub-(.*?)_/>> -> 'sub-'
2025-12-17 17:58:32 - ERROR | Could not parse required sub-<label> label from [DICOM] /home/rflaherty/test_dicoms/raw/sub-01_ses-20240517-02_rec-PSN-on/20241022/91_0012_gremt-cs6-f100-fa10-1iso-ellip79-rr/original-primary-m-none_e09_0001.dcm using: <<filepath:/raw/test_dicoms/sub-(.*?)_/>> -> 'sub-'
2025-12-17 17:58:32 - ERROR | Could not parse required sub-<label> label from [DICOM] /home/rflaherty/test_dicoms/raw/sub-01_ses-20240517-02_rec-PSN-on/20241022/91_0013_gremt-cs9-f4-fa10-1iso-ellip76-rr/original-primary-m-none_e09_0001.dcm using: <<filepath:/raw/test_dicoms/sub-(.*?)_/>> -> 'sub-'
2025-12-17 17:58:32 - ERROR | Could not parse required sub-<label> label from [DICOM] /home/rflaherty/test_dicoms/raw/sub-01_ses-20240517-02_rec-PSN-on/20241022/91_0014_gremt-cs9-f100-fa6-1iso-ellip76-rr/original-primary-m-none_e09_0001.dcm using: <<filepath:/raw/test_dicoms/sub-(.*?)_/>> -> 'sub-'
2025-12-17 17:58:32 - ERROR | Could not parse required sub-<label> label from [DICOM] /home/rflaherty/test_dicoms/raw/sub-01_ses-20240517-02_rec-PSN-on/20241022/91_0015_gremt-cs9-f100-fa10-1iso-ellip76-rr/original-primary-m-none_e09_0001.dcm using: <<filepath:/raw/test_dicoms/sub-(.*?)_/>> -> 'sub-'
2025-12-17 17:58:32 - ERROR | Could not parse required sub-<label> label from [DICOM] /home/rflaherty/test_dicoms/raw/sub-01_ses-20240517-02_rec-PSN-on/20241022/91_0016_gremt-cs9-f100-fa25-1iso-ellip76-rr/original-primary-m-none_e09_0001.dcm using: <<filepath:/raw/test_dicoms/sub-(.*?)_/>> -> 'sub-'
2025-12-17 17:58:32 - ERROR | Could not parse required sub-<label> label from [DICOM] /home/rflaherty/test_dicoms/raw/sub-01_ses-20240517-02_rec-PSN-on/20241022/91_0017_gremt-cs6-f100-fa25-1iso-ellip79-rr/original-primary-m-none_e09_0001.dcm using: <<filepath:/raw/test_dicoms/sub-(.*?)_/>> -> 'sub-'
2025-12-17 17:58:32 - ERROR | Could not parse required sub-<label> label from [DICOM] /home/rflaherty/test_dicoms/raw/sub-01_ses-20250319_rec-PSN-on/20250825/00_0001_gremt-cs4-f100-fa25-1iso-ellip83-rr/original-primary-m-none_e09_0001.dcm using: <<filepath:/raw/test_dicoms/sub-(.*?)_/>> -> 'sub-'
2025-12-17 17:58:32 - ERROR | Could not parse required sub-<label> label from [DICOM] /home/rflaherty/test_dicoms/raw/sub-01_ses-20250319_rec-PSN-on/20250825/00_0003_gremt-cs4-f100-fa6-1iso-ellip83-rr/original-primary-m-none_e09_0001.dcm using: <<filepath:/raw/test_dicoms/sub-(.*?)_/>> -> 'sub-'
2025-12-17 17:58:32 - ERROR | Could not parse required sub-<label> label from [DICOM] /home/rflaherty/test_dicoms/raw/sub-01_ses-20250319_rec-PSN-on/20250825/00_0005_gremt-cs4-f100-fa10-1iso-ellip83-rr/original-primary-m-none_e09_0001.dcm using: <<filepath:/raw/test_dicoms/sub-(.*?)_/>> -> 'sub-'
2025-12-17 17:58:32 - ERROR | Could not parse required sub-<label> label from [DICOM] /home/rflaherty/test_dicoms/raw/sub-01_ses-20250319_rec-PSN-on/20250825/00_0007_gremt-cs4-f4-fa10-1iso-ellip83-rr/original-primary-m-none_e09_0001.dcm using: <<filepath:/raw/test_dicoms/sub-(.*?)_/>> -> 'sub-'
2025-12-17 17:58:32 - ERROR | Could not parse required sub-<label> label from [DICOM] /home/rflaherty/test_dicoms/raw/sub-01_ses-20251121_acq-vibeMTc9_rec-DL6weak_rec-PSN-on-off/20250828/91_0001_vibemt-c9-f100-fa25-1iso-psnon/original-primary-m-none_e09_0001.dcm using: <<filepath:/raw/test_dicoms/sub-(.*?)_/>> -> 'sub-'
2025-12-17 17:58:32 - ERROR | Could not parse required sub-<label> label from [DICOM] /home/rflaherty/test_dicoms/raw/sub-01_ses-20251121_acq-vibeMTc9_rec-DL6weak_rec-PSN-on-off/20250828/91_0002_vibemt-c9-f100-fa25-1iso-psnoff/original-primary-m-none_e09_0001.dcm using: <<filepath:/raw/test_dicoms/sub-(.*?)_/>> -> 'sub-'
2025-12-17 17:58:32 - ERROR | Could not parse required sub-<label> label from [DICOM] /home/rflaherty/test_dicoms/raw/sub-01_ses-20251121_acq-vibeMTc9_rec-DL6weak_rec-PSN-on-off/20250828/91_0003_vibemt-c9-f100-fa6-1iso-psnon/original-primary-m-none_e09_0001.dcm using: <<filepath:/raw/test_dicoms/sub-(.*?)_/>> -> 'sub-'
2025-12-17 17:58:32 - ERROR | Could not parse required sub-<label> label from [DICOM] /home/rflaherty/test_dicoms/raw/sub-01_ses-20251121_acq-vibeMTc9_rec-DL6weak_rec-PSN-on-off/20250828/91_0004_vibemt-c9-f100-fa6-1iso-psnoff/original-primary-m-none_e09_0001.dcm using: <<filepath:/raw/test_dicoms/sub-(.*?)_/>> -> 'sub-'
2025-12-17 17:58:32 - ERROR | Could not parse required sub-<label> label from [DICOM] /home/rflaherty/test_dicoms/raw/sub-01_ses-20251121_acq-vibeMTc9_rec-DL6weak_rec-PSN-on-off/20250828/91_0005_vibemt-c9-f100-fa10-1iso-psnon/original-primary-m-none_e09_0001.dcm using: <<filepath:/raw/test_dicoms/sub-(.*?)_/>> -> 'sub-'
2025-12-17 17:58:32 - ERROR | Could not parse required sub-<label> label from [DICOM] /home/rflaherty/test_dicoms/raw/sub-01_ses-20251121_acq-vibeMTc9_rec-DL6weak_rec-PSN-on-off/20250828/91_0006_vibemt-c9-f100-fa10-1iso-psnoff/original-primary-m-none_e09_0001.dcm using: <<filepath:/raw/test_dicoms/sub-(.*?)_/>> -> 'sub-'
2025-12-17 17:58:32 - ERROR | Could not parse required sub-<label> label from [DICOM] /home/rflaherty/test_dicoms/raw/sub-01_ses-20251121_acq-vibeMTc9_rec-DL6weak_rec-PSN-on-off/20250828/91_0007_vibemt-c9-f4-fa10-1iso-psnon/original-primary-m-none_e09_0001.dcm using: <<filepath:/raw/test_dicoms/sub-(.*?)_/>> -> 'sub-'
2025-12-17 17:58:32 - ERROR | Could not parse required sub-<label> label from [DICOM] /home/rflaherty/test_dicoms/raw/sub-01_ses-20251121_acq-vibeMTc9_rec-DL6weak_rec-PSN-on-off/20250828/91_0008_vibemt-c9-f4-fa10-1iso-psnoff/original-primary-m-none_e09_0001.dcm using: <<filepath:/raw/test_dicoms/sub-(.*?)_/>> -> 'sub-'
2025-12-17 17:58:32 - ERROR | Could not parse required sub-<label> label from [DICOM] /home/rflaherty/test_dicoms/raw/sub-02_ses-20241024_acq-greMTcs9_rec-CC-off/20241024/38928_0007_gremt-cs9-f4-fa10-1iso-ellip76/original-primary-m-none_e09_0001.dcm using: <<filepath:/raw/test_dicoms/sub-(.*?)_/>> -> 'sub-'
2025-12-17 17:58:32 - ERROR | Could not parse required sub-<label> label from [DICOM] /home/rflaherty/test_dicoms/raw/sub-02_ses-20241024_acq-greMTcs9_rec-CC-off/20241024/38928_0008_gremt-cs9-f100-fa10-1iso-ellip76/original-primary-m-none_e09_0001.dcm using: <<filepath:/raw/test_dicoms/sub-(.*?)_/>> -> 'sub-'
2025-12-17 17:58:32 - ERROR | Could not parse required sub-<label> label from [DICOM] /home/rflaherty/test_dicoms/raw/sub-02_ses-20241024_acq-greMTcs9_rec-CC-off/20241024/38928_0009_gremt-cs9-f100-fa6-1iso-ellip76/original-primary-m-none_e09_0001.dcm using: <<filepath:/raw/test_dicoms/sub-(.*?)_/>> -> 'sub-'
2025-12-17 17:58:32 - ERROR | Could not parse required sub-<label> label from [DICOM] /home/rflaherty/test_dicoms/raw/sub-02_ses-20241024_acq-greMTcs9_rec-CC-off/20241024/38928_0010_gremt-cs9-f100-fa25-1iso-ellip76/original-primary-m-none_e09_0001.dcm using: <<filepath:/raw/test_dicoms/sub-(.*?)_/>> -> 'sub-'
2025-12-17 17:58:32 - ERROR | Could not parse required sub-<label> label from [DICOM] /home/rflaherty/test_dicoms/raw/sub-02_ses-20241024_acq-greMTcs9_rec-CC-off/20241024/38928_0011_t1-mpr-fwe-1iso-cs4-6/original-primary-m-none_e09_0001.dcm using: <<filepath:/raw/test_dicoms/sub-(.*?)_/>> -> 'sub-'
2025-12-17 17:58:32 - ERROR | Could not parse required sub-<label> label from [DICOM] /home/rflaherty/test_dicoms/raw/sub-01_ses-20240517-02_rec-PSN-on/20241022/91_0099_phoenixzipreport/original-primary-other-csa-report_e09_0007.dcm using: <<filepath:/raw/test_dicoms/sub-(.*?)_/>> -> 'sub-'
2025-12-17 17:58:39 - INFO |  
2025-12-17 17:58:39 - INFO | Checking the bidsmap run-items:
2025-12-17 17:58:39 - SUCCESS | All run-items in the bidsmap are valid
2025-12-17 17:58:39 - INFO |  
2025-12-17 17:58:39 - INFO | bids-validator 1.14.7.post0 test results (* = in .bidsignore):
2025-12-17 17:58:39 - INFO | True:	fmap/sub-DICOM_acq-famp_TB1TFL.*
2025-12-17 17:58:39 - INFO | False*:	extra_data/sub-DICOM_acq-greMTcs4f4FA101isoellip83_mod-greMTcs4f4FA101isoellip83RR.*
2025-12-17 17:58:39 - INFO | False*:	extra_data/sub-DICOM_acq-greMTcs4f100FA61isoellip83_mod-greMTcs4f100FA61isoellip83RR.*
2025-12-17 17:58:39 - INFO | False*:	extra_data/sub-DICOM_acq-greMTcs4f100FA101isoellip83_mod-greMTcs4f100FA101isoellip83RR.*
2025-12-17 17:58:39 - INFO | False*:	extra_data/sub-DICOM_acq-greMTcs4f100FA251isoellip83_mod-greMTcs4f100FA251isoellip83RR.*
2025-12-17 17:58:39 - INFO | False*:	extra_data/sub-DICOM_acq-greMTcs6f4FA101isoellip79_mod-greMTcs6f4FA101isoellip79RR.*
2025-12-17 17:58:39 - INFO | False*:	extra_data/sub-DICOM_acq-greMTcs6f100FA61isoellip79_mod-greMTcs6f100FA61isoellip79RR.*
2025-12-17 17:58:39 - INFO | False*:	extra_data/sub-DICOM_acq-greMTcs6f100FA101isoellip79_mod-greMTcs6f100FA101isoellip79RR.*
2025-12-17 17:58:39 - INFO | False*:	extra_data/sub-DICOM_acq-greMTcs9f4FA101isoellip76_mod-greMTcs9f4FA101isoellip76RR.*
2025-12-17 17:58:39 - INFO | False*:	extra_data/sub-DICOM_acq-greMTcs9f100FA61isoellip76_mod-greMTcs9f100FA61isoellip76RR.*
2025-12-17 17:58:39 - INFO | False*:	extra_data/sub-DICOM_acq-greMTcs9f100FA101isoellip76_mod-greMTcs9f100FA101isoellip76RR.*
2025-12-17 17:58:39 - INFO | False*:	extra_data/sub-DICOM_acq-greMTcs9f100FA251isoellip76_mod-greMTcs9f100FA251isoellip76RR.*
2025-12-17 17:58:39 - INFO | False*:	extra_data/sub-DICOM_acq-greMTcs6f100FA251isoellip79_mod-greMTcs6f100FA251isoellip79RR.*
2025-12-17 17:58:39 - INFO | False*:	extra_data/sub-DICOM_acq-greMTcs4f100FA251isoellip83_mod-greMTcs4f100FA251isoellip83RR.*
2025-12-17 17:58:39 - INFO | False*:	extra_data/sub-DICOM_acq-greMTcs4f100FA61isoellip83_mod-greMTcs4f100FA61isoellip83RR.*
2025-12-17 17:58:39 - INFO | False*:	extra_data/sub-DICOM_acq-greMTcs4f100FA101isoellip83_mod-greMTcs4f100FA101isoellip83RR.*
2025-12-17 17:58:39 - INFO | False*:	extra_data/sub-DICOM_acq-greMTcs4f4FA101isoellip83_mod-greMTcs4f4FA101isoellip83RR.*
2025-12-17 17:58:39 - INFO | False*:	extra_data/sub-DICOM_acq-vibeMTc9f100FA251iso_mod-vibeMTc9f100FA251isoPSNON_echo-1.*
2025-12-17 17:58:39 - INFO | False*:	extra_data/sub-DICOM_acq-vibeMTc9f100FA251iso_mod-vibeMTc9f100FA251isoPSNOFF_echo-1.*
2025-12-17 17:58:39 - INFO | False*:	extra_data/sub-DICOM_acq-vibeMTc9f100FA61iso_mod-vibeMTc9f100FA61isoPSNON_echo-1.*
2025-12-17 17:58:39 - INFO | False*:	extra_data/sub-DICOM_acq-vibeMTc9f100FA61iso_mod-vibeMTc9f100FA61isoPSNOFF_echo-1.*
2025-12-17 17:58:39 - INFO | False*:	extra_data/sub-DICOM_acq-vibeMTc9f100FA101iso_mod-vibeMTc9f100FA101isoPSNON_echo-1.*
2025-12-17 17:58:39 - INFO | False*:	extra_data/sub-DICOM_acq-vibeMTc9f100FA101iso_mod-vibeMTc9f100FA101isoPSNOFF_echo-1.*
2025-12-17 17:58:39 - INFO | False*:	extra_data/sub-DICOM_acq-vibeMTc9f4FA101iso_mod-vibeMTc9f4FA101isoPSNON_echo-1.*
2025-12-17 17:58:39 - INFO | False*:	extra_data/sub-DICOM_acq-vibeMTc9f4FA101iso_mod-vibeMTc9f4FA101isoPSNOFF_echo-1.*
2025-12-17 17:58:39 - INFO | False*:	extra_data/sub-DICOM_acq-greMTcs9f4FA101isoellip76_mod-greMTcs9f4FA101isoellip76.*
2025-12-17 17:58:39 - INFO | False*:	extra_data/sub-DICOM_acq-greMTcs9f100FA101isoellip76_mod-greMTcs9f100FA101isoellip76.*
2025-12-17 17:58:39 - INFO | False*:	extra_data/sub-DICOM_acq-greMTcs9f100FA61isoellip76_mod-greMTcs9f100FA61isoellip76.*
2025-12-17 17:58:39 - INFO | False*:	extra_data/sub-DICOM_acq-greMTcs9f100FA251isoellip76_mod-greMTcs9f100FA251isoellip76.*
2025-12-17 17:58:39 - INFO | False*:	extra_data/sub-DICOM_acq-t1mprfwe1isocs46_mod-t1mprfwe1isocs46.*
2025-12-17 17:58:39 - WARNING | Not all generated bidsnames are BIDS-valid (make sure they are BIDS-ignored
2025-12-17 17:59:08 - INFO | -------------- FINISHED! -------------------
2025-12-17 17:59:08 - INFO | 
2025-12-17 17:59:08 - INFO | The following BIDScoin errors and warnings were reported:

>>>>>>>>>>>>>>>>>>>>>>>>>>>>>>>>>>>>>>>>
2025-12-17 17:54:18 - WARNING | Not all .dcm-files in '/home/rflaherty/test_dicoms/raw/sub-02_ses-20241024_acq-greMTcs9_rec-CC-off/20241024/38928_0099_phoenixzipreport' have the same size. This may be OK but can also be indicative of a truncated acquisition or file corruption(s)
2025-12-17 17:54:31 - ERROR | Could not parse required sub-<label> label from [DICOM] /home/rflaherty/test_dicoms/raw/sub-02_ses-20241024_acq-greMTcs9_rec-CC-off/20241024/38928_0006_tfl-b1map-sag/original-primary-flip-angle-map-none_e09_0001.dcm using: <<filepath:/raw/test_dicoms/sub-(.*?)/>> -> 'sub-'
2025-12-17 17:54:32 - ERROR | Could not parse required sub-<label> label from [DICOM] /home/rflaherty/test_dicoms/raw/sub-01_ses-20240517-02_rec-PSN-on/20241022/91_0006_gremt-cs4-f4-fa10-1iso-ellip83-rr/original-primary-m-none_e09_0001.dcm using: <<filepath:/raw/test_dicoms/sub-(.*?)/>> -> 'sub-'
2025-12-17 17:54:32 - ERROR | Could not parse required sub-<label> label from [DICOM] /home/rflaherty/test_dicoms/raw/sub-01_ses-20240517-02_rec-PSN-on/20241022/91_0007_gremt-cs4-f100-fa6-1iso-ellip83-rr/original-primary-m-none_e09_0001.dcm using: <<filepath:/raw/test_dicoms/sub-(.*?)/>> -> 'sub-'
2025-12-17 17:54:33 - ERROR | Could not parse required sub-<label> label from [DICOM] /home/rflaherty/test_dicoms/raw/sub-01_ses-20240517-02_rec-PSN-on/20241022/91_0008_gremt-cs4-f100-fa10-1iso-ellip83-rr/original-primary-m-none_e09_0001.dcm using: <<filepath:/raw/test_dicoms/sub-(.*?)/>> -> 'sub-'
2025-12-17 17:54:34 - ERROR | Could not parse required sub-<label> label from [DICOM] /home/rflaherty/test_dicoms/raw/sub-01_ses-20240517-02_rec-PSN-on/20241022/91_0009_gremt-cs4-f100-fa25-1iso-ellip83-rr/original-primary-m-none_e09_0001.dcm using: <<filepath:/raw/test_dicoms/sub-(.*?)/>> -> 'sub-'
2025-12-17 17:54:34 - ERROR | Could not parse required sub-<label> label from [DICOM] /home/rflaherty/test_dicoms/raw/sub-01_ses-20240517-02_rec-PSN-on/20241022/91_0010_gremt-cs6-f4-fa10-1iso-ellip79-rr/original-primary-m-none_e09_0001.dcm using: <<filepath:/raw/test_dicoms/sub-(.*?)/>> -> 'sub-'
2025-12-17 17:54:35 - ERROR | Could not parse required sub-<label> label from [DICOM] /home/rflaherty/test_dicoms/raw/sub-01_ses-20240517-02_rec-PSN-on/20241022/91_0011_gremt-cs6-f100-fa6-1iso-ellip79-rr/original-primary-m-none_e09_0001.dcm using: <<filepath:/raw/test_dicoms/sub-(.*?)/>> -> 'sub-'
2025-12-17 17:54:35 - ERROR | Could not parse required sub-<label> label from [DICOM] /home/rflaherty/test_dicoms/raw/sub-01_ses-20240517-02_rec-PSN-on/20241022/91_0012_gremt-cs6-f100-fa10-1iso-ellip79-rr/original-primary-m-none_e09_0001.dcm using: <<filepath:/raw/test_dicoms/sub-(.*?)/>> -> 'sub-'
2025-12-17 17:54:36 - ERROR | Could not parse required sub-<label> label from [DICOM] /home/rflaherty/test_dicoms/raw/sub-01_ses-20240517-02_rec-PSN-on/20241022/91_0013_gremt-cs9-f4-fa10-1iso-ellip76-rr/original-primary-m-none_e09_0001.dcm using: <<filepath:/raw/test_dicoms/sub-(.*?)/>> -> 'sub-'
2025-12-17 17:54:36 - ERROR | Could not parse required sub-<label> label from [DICOM] /home/rflaherty/test_dicoms/raw/sub-01_ses-20240517-02_rec-PSN-on/20241022/91_0014_gremt-cs9-f100-fa6-1iso-ellip76-rr/original-primary-m-none_e09_0001.dcm using: <<filepath:/raw/test_dicoms/sub-(.*?)/>> -> 'sub-'
2025-12-17 17:54:37 - ERROR | Could not parse required sub-<label> label from [DICOM] /home/rflaherty/test_dicoms/raw/sub-01_ses-20240517-02_rec-PSN-on/20241022/91_0015_gremt-cs9-f100-fa10-1iso-ellip76-rr/original-primary-m-none_e09_0001.dcm using: <<filepath:/raw/test_dicoms/sub-(.*?)/>> -> 'sub-'
2025-12-17 17:54:37 - ERROR | Could not parse required sub-<label> label from [DICOM] /home/rflaherty/test_dicoms/raw/sub-01_ses-20240517-02_rec-PSN-on/20241022/91_0016_gremt-cs9-f100-fa25-1iso-ellip76-rr/original-primary-m-none_e09_0001.dcm using: <<filepath:/raw/test_dicoms/sub-(.*?)/>> -> 'sub-'
2025-12-17 17:54:38 - ERROR | Could not parse required sub-<label> label from [DICOM] /home/rflaherty/test_dicoms/raw/sub-01_ses-20240517-02_rec-PSN-on/20241022/91_0017_gremt-cs6-f100-fa25-1iso-ellip79-rr/original-primary-m-none_e09_0001.dcm using: <<filepath:/raw/test_dicoms/sub-(.*?)/>> -> 'sub-'
2025-12-17 17:54:38 - ERROR | Could not parse required sub-<label> label from [DICOM] /home/rflaherty/test_dicoms/raw/sub-01_ses-20250319_rec-PSN-on/20250825/00_0001_gremt-cs4-f100-fa25-1iso-ellip83-rr/original-primary-m-none_e09_0001.dcm using: <<filepath:/raw/test_dicoms/sub-(.*?)/>> -> 'sub-'
2025-12-17 17:54:39 - ERROR | Could not parse required sub-<label> label from [DICOM] /home/rflaherty/test_dicoms/raw/sub-01_ses-20250319_rec-PSN-on/20250825/00_0003_gremt-cs4-f100-fa6-1iso-ellip83-rr/original-primary-m-none_e09_0001.dcm using: <<filepath:/raw/test_dicoms/sub-(.*?)/>> -> 'sub-'
2025-12-17 17:54:39 - ERROR | Could not parse required sub-<label> label from [DICOM] /home/rflaherty/test_dicoms/raw/sub-01_ses-20250319_rec-PSN-on/20250825/00_0005_gremt-cs4-f100-fa10-1iso-ellip83-rr/original-primary-m-none_e09_0001.dcm using: <<filepath:/raw/test_dicoms/sub-(.*?)/>> -> 'sub-'
2025-12-17 17:54:40 - ERROR | Could not parse required sub-<label> label from [DICOM] /home/rflaherty/test_dicoms/raw/sub-01_ses-20250319_rec-PSN-on/20250825/00_0007_gremt-cs4-f4-fa10-1iso-ellip83-rr/original-primary-m-none_e09_0001.dcm using: <<filepath:/raw/test_dicoms/sub-(.*?)/>> -> 'sub-'
2025-12-17 17:54:40 - ERROR | Could not parse required sub-<label> label from [DICOM] /home/rflaherty/test_dicoms/raw/sub-01_ses-20251121_acq-vibeMTc9_rec-DL6weak_rec-PSN-on-off/20250828/91_0001_vibemt-c9-f100-fa25-1iso-psnon/original-primary-m-none_e09_0001.dcm using: <<filepath:/raw/test_dicoms/sub-(.*?)/>> -> 'sub-'
2025-12-17 17:54:41 - ERROR | Could not parse required sub-<label> label from [DICOM] /home/rflaherty/test_dicoms/raw/sub-01_ses-20251121_acq-vibeMTc9_rec-DL6weak_rec-PSN-on-off/20250828/91_0002_vibemt-c9-f100-fa25-1iso-psnoff/original-primary-m-none_e09_0001.dcm using: <<filepath:/raw/test_dicoms/sub-(.*?)/>> -> 'sub-'
2025-12-17 17:54:41 - ERROR | Could not parse required sub-<label> label from [DICOM] /home/rflaherty/test_dicoms/raw/sub-01_ses-20251121_acq-vibeMTc9_rec-DL6weak_rec-PSN-on-off/20250828/91_0003_vibemt-c9-f100-fa6-1iso-psnon/original-primary-m-none_e09_0001.dcm using: <<filepath:/raw/test_dicoms/sub-(.*?)/>> -> 'sub-'
2025-12-17 17:54:42 - ERROR | Could not parse required sub-<label> label from [DICOM] /home/rflaherty/test_dicoms/raw/sub-01_ses-20251121_acq-vibeMTc9_rec-DL6weak_rec-PSN-on-off/20250828/91_0004_vibemt-c9-f100-fa6-1iso-psnoff/original-primary-m-none_e09_0001.dcm using: <<filepath:/raw/test_dicoms/sub-(.*?)/>> -> 'sub-'
2025-12-17 17:54:42 - ERROR | Could not parse required sub-<label> label from [DICOM] /home/rflaherty/test_dicoms/raw/sub-01_ses-20251121_acq-vibeMTc9_rec-DL6weak_rec-PSN-on-off/20250828/91_0005_vibemt-c9-f100-fa10-1iso-psnon/original-primary-m-none_e09_0001.dcm using: <<filepath:/raw/test_dicoms/sub-(.*?)/>> -> 'sub-'
2025-12-17 17:54:43 - ERROR | Could not parse required sub-<label> label from [DICOM] /home/rflaherty/test_dicoms/raw/sub-01_ses-20251121_acq-vibeMTc9_rec-DL6weak_rec-PSN-on-off/20250828/91_0006_vibemt-c9-f100-fa10-1iso-psnoff/original-primary-m-none_e09_0001.dcm using: <<filepath:/raw/test_dicoms/sub-(.*?)/>> -> 'sub-'
2025-12-17 17:54:43 - ERROR | Could not parse required sub-<label> label from [DICOM] /home/rflaherty/test_dicoms/raw/sub-01_ses-20251121_acq-vibeMTc9_rec-DL6weak_rec-PSN-on-off/20250828/91_0007_vibemt-c9-f4-fa10-1iso-psnon/original-primary-m-none_e09_0001.dcm using: <<filepath:/raw/test_dicoms/sub-(.*?)/>> -> 'sub-'
2025-12-17 17:54:44 - ERROR | Could not parse required sub-<label> label from [DICOM] /home/rflaherty/test_dicoms/raw/sub-01_ses-20251121_acq-vibeMTc9_rec-DL6weak_rec-PSN-on-off/20250828/91_0008_vibemt-c9-f4-fa10-1iso-psnoff/original-primary-m-none_e09_0001.dcm using: <<filepath:/raw/test_dicoms/sub-(.*?)/>> -> 'sub-'
2025-12-17 17:54:44 - ERROR | Could not parse required sub-<label> label from [DICOM] /home/rflaherty/test_dicoms/raw/sub-02_ses-20241024_acq-greMTcs9_rec-CC-off/20241024/38928_0007_gremt-cs9-f4-fa10-1iso-ellip76/original-primary-m-none_e09_0001.dcm using: <<filepath:/raw/test_dicoms/sub-(.*?)/>> -> 'sub-'
2025-12-17 17:54:45 - ERROR | Could not parse required sub-<label> label from [DICOM] /home/rflaherty/test_dicoms/raw/sub-02_ses-20241024_acq-greMTcs9_rec-CC-off/20241024/38928_0008_gremt-cs9-f100-fa10-1iso-ellip76/original-primary-m-none_e09_0001.dcm using: <<filepath:/raw/test_dicoms/sub-(.*?)/>> -> 'sub-'
2025-12-17 17:54:45 - ERROR | Could not parse required sub-<label> label from [DICOM] /home/rflaherty/test_dicoms/raw/sub-02_ses-20241024_acq-greMTcs9_rec-CC-off/20241024/38928_0009_gremt-cs9-f100-fa6-1iso-ellip76/original-primary-m-none_e09_0001.dcm using: <<filepath:/raw/test_dicoms/sub-(.*?)/>> -> 'sub-'
2025-12-17 17:54:46 - ERROR | Could not parse required sub-<label> label from [DICOM] /home/rflaherty/test_dicoms/raw/sub-02_ses-20241024_acq-greMTcs9_rec-CC-off/20241024/38928_0010_gremt-cs9-f100-fa25-1iso-ellip76/original-primary-m-none_e09_0001.dcm using: <<filepath:/raw/test_dicoms/sub-(.*?)/>> -> 'sub-'
2025-12-17 17:54:47 - ERROR | Could not parse required sub-<label> label from [DICOM] /home/rflaherty/test_dicoms/raw/sub-02_ses-20241024_acq-greMTcs9_rec-CC-off/20241024/38928_0011_t1-mpr-fwe-1iso-cs4-6/original-primary-m-none_e09_0001.dcm using: <<filepath:/raw/test_dicoms/sub-(.*?)/>> -> 'sub-'
2025-12-17 17:54:47 - ERROR | Could not parse required sub-<label> label from [DICOM] /home/rflaherty/test_dicoms/raw/sub-01_ses-20240517-02_rec-PSN-on/20241022/91_0099_phoenixzipreport/original-primary-other-csa-report_e09_0007.dcm using: <<filepath:/raw/test_dicoms/sub-(.*?)/>> -> 'sub-'
2025-12-17 17:56:29 - ERROR | Could not parse required sub-<label> label from [DICOM] /home/rflaherty/test_dicoms/raw/sub-01_ses-20240517-02_rec-PSN-on/20241022/91_0012_gremt-cs6-f100-fa10-1iso-ellip79-rr/original-primary-m-none_e09_0001.dcm using: <<filepath:/raw/test_dicoms/sub-(.*?)/>> -> 'sub-'
2025-12-17 17:58:32 - ERROR | Could not parse required sub-<label> label from [DICOM] /home/rflaherty/test_dicoms/raw/sub-02_ses-20241024_acq-greMTcs9_rec-CC-off/20241024/38928_0006_tfl-b1map-sag/original-primary-flip-angle-map-none_e09_0001.dcm using: <<filepath:/raw/test_dicoms/sub-(.*?)_/>> -> 'sub-'
2025-12-17 17:58:32 - ERROR | Could not parse required sub-<label> label from [DICOM] /home/rflaherty/test_dicoms/raw/sub-01_ses-20240517-02_rec-PSN-on/20241022/91_0006_gremt-cs4-f4-fa10-1iso-ellip83-rr/original-primary-m-none_e09_0001.dcm using: <<filepath:/raw/test_dicoms/sub-(.*?)_/>> -> 'sub-'
2025-12-17 17:58:32 - ERROR | Could not parse required sub-<label> label from [DICOM] /home/rflaherty/test_dicoms/raw/sub-01_ses-20240517-02_rec-PSN-on/20241022/91_0007_gremt-cs4-f100-fa6-1iso-ellip83-rr/original-primary-m-none_e09_0001.dcm using: <<filepath:/raw/test_dicoms/sub-(.*?)_/>> -> 'sub-'
2025-12-17 17:58:32 - ERROR | Could not parse required sub-<label> label from [DICOM] /home/rflaherty/test_dicoms/raw/sub-01_ses-20240517-02_rec-PSN-on/20241022/91_0008_gremt-cs4-f100-fa10-1iso-ellip83-rr/original-primary-m-none_e09_0001.dcm using: <<filepath:/raw/test_dicoms/sub-(.*?)_/>> -> 'sub-'
2025-12-17 17:58:32 - ERROR | Could not parse required sub-<label> label from [DICOM] /home/rflaherty/test_dicoms/raw/sub-01_ses-20240517-02_rec-PSN-on/20241022/91_0009_gremt-cs4-f100-fa25-1iso-ellip83-rr/original-primary-m-none_e09_0001.dcm using: <<filepath:/raw/test_dicoms/sub-(.*?)_/>> -> 'sub-'
2025-12-17 17:58:32 - ERROR | Could not parse required sub-<label> label from [DICOM] /home/rflaherty/test_dicoms/raw/sub-01_ses-20240517-02_rec-PSN-on/20241022/91_0010_gremt-cs6-f4-fa10-1iso-ellip79-rr/original-primary-m-none_e09_0001.dcm using: <<filepath:/raw/test_dicoms/sub-(.*?)_/>> -> 'sub-'
2025-12-17 17:58:32 - ERROR | Could not parse required sub-<label> label from [DICOM] /home/rflaherty/test_dicoms/raw/sub-01_ses-20240517-02_rec-PSN-on/20241022/91_0011_gremt-cs6-f100-fa6-1iso-ellip79-rr/original-primary-m-none_e09_0001.dcm using: <<filepath:/raw/test_dicoms/sub-(.*?)_/>> -> 'sub-'
2025-12-17 17:58:32 - ERROR | Could not parse required sub-<label> label from [DICOM] /home/rflaherty/test_dicoms/raw/sub-01_ses-20240517-02_rec-PSN-on/20241022/91_0012_gremt-cs6-f100-fa10-1iso-ellip79-rr/original-primary-m-none_e09_0001.dcm using: <<filepath:/raw/test_dicoms/sub-(.*?)_/>> -> 'sub-'
2025-12-17 17:58:32 - ERROR | Could not parse required sub-<label> label from [DICOM] /home/rflaherty/test_dicoms/raw/sub-01_ses-20240517-02_rec-PSN-on/20241022/91_0013_gremt-cs9-f4-fa10-1iso-ellip76-rr/original-primary-m-none_e09_0001.dcm using: <<filepath:/raw/test_dicoms/sub-(.*?)_/>> -> 'sub-'
2025-12-17 17:58:32 - ERROR | Could not parse required sub-<label> label from [DICOM] /home/rflaherty/test_dicoms/raw/sub-01_ses-20240517-02_rec-PSN-on/20241022/91_0014_gremt-cs9-f100-fa6-1iso-ellip76-rr/original-primary-m-none_e09_0001.dcm using: <<filepath:/raw/test_dicoms/sub-(.*?)_/>> -> 'sub-'
2025-12-17 17:58:32 - ERROR | Could not parse required sub-<label> label from [DICOM] /home/rflaherty/test_dicoms/raw/sub-01_ses-20240517-02_rec-PSN-on/20241022/91_0015_gremt-cs9-f100-fa10-1iso-ellip76-rr/original-primary-m-none_e09_0001.dcm using: <<filepath:/raw/test_dicoms/sub-(.*?)_/>> -> 'sub-'
2025-12-17 17:58:32 - ERROR | Could not parse required sub-<label> label from [DICOM] /home/rflaherty/test_dicoms/raw/sub-01_ses-20240517-02_rec-PSN-on/20241022/91_0016_gremt-cs9-f100-fa25-1iso-ellip76-rr/original-primary-m-none_e09_0001.dcm using: <<filepath:/raw/test_dicoms/sub-(.*?)_/>> -> 'sub-'
2025-12-17 17:58:32 - ERROR | Could not parse required sub-<label> label from [DICOM] /home/rflaherty/test_dicoms/raw/sub-01_ses-20240517-02_rec-PSN-on/20241022/91_0017_gremt-cs6-f100-fa25-1iso-ellip79-rr/original-primary-m-none_e09_0001.dcm using: <<filepath:/raw/test_dicoms/sub-(.*?)_/>> -> 'sub-'
2025-12-17 17:58:32 - ERROR | Could not parse required sub-<label> label from [DICOM] /home/rflaherty/test_dicoms/raw/sub-01_ses-20250319_rec-PSN-on/20250825/00_0001_gremt-cs4-f100-fa25-1iso-ellip83-rr/original-primary-m-none_e09_0001.dcm using: <<filepath:/raw/test_dicoms/sub-(.*?)_/>> -> 'sub-'
2025-12-17 17:58:32 - ERROR | Could not parse required sub-<label> label from [DICOM] /home/rflaherty/test_dicoms/raw/sub-01_ses-20250319_rec-PSN-on/20250825/00_0003_gremt-cs4-f100-fa6-1iso-ellip83-rr/original-primary-m-none_e09_0001.dcm using: <<filepath:/raw/test_dicoms/sub-(.*?)_/>> -> 'sub-'
2025-12-17 17:58:32 - ERROR | Could not parse required sub-<label> label from [DICOM] /home/rflaherty/test_dicoms/raw/sub-01_ses-20250319_rec-PSN-on/20250825/00_0005_gremt-cs4-f100-fa10-1iso-ellip83-rr/original-primary-m-none_e09_0001.dcm using: <<filepath:/raw/test_dicoms/sub-(.*?)_/>> -> 'sub-'
2025-12-17 17:58:32 - ERROR | Could not parse required sub-<label> label from [DICOM] /home/rflaherty/test_dicoms/raw/sub-01_ses-20250319_rec-PSN-on/20250825/00_0007_gremt-cs4-f4-fa10-1iso-ellip83-rr/original-primary-m-none_e09_0001.dcm using: <<filepath:/raw/test_dicoms/sub-(.*?)_/>> -> 'sub-'
2025-12-17 17:58:32 - ERROR | Could not parse required sub-<label> label from [DICOM] /home/rflaherty/test_dicoms/raw/sub-01_ses-20251121_acq-vibeMTc9_rec-DL6weak_rec-PSN-on-off/20250828/91_0001_vibemt-c9-f100-fa25-1iso-psnon/original-primary-m-none_e09_0001.dcm using: <<filepath:/raw/test_dicoms/sub-(.*?)_/>> -> 'sub-'
2025-12-17 17:58:32 - ERROR | Could not parse required sub-<label> label from [DICOM] /home/rflaherty/test_dicoms/raw/sub-01_ses-20251121_acq-vibeMTc9_rec-DL6weak_rec-PSN-on-off/20250828/91_0002_vibemt-c9-f100-fa25-1iso-psnoff/original-primary-m-none_e09_0001.dcm using: <<filepath:/raw/test_dicoms/sub-(.*?)_/>> -> 'sub-'
2025-12-17 17:58:32 - ERROR | Could not parse required sub-<label> label from [DICOM] /home/rflaherty/test_dicoms/raw/sub-01_ses-20251121_acq-vibeMTc9_rec-DL6weak_rec-PSN-on-off/20250828/91_0003_vibemt-c9-f100-fa6-1iso-psnon/original-primary-m-none_e09_0001.dcm using: <<filepath:/raw/test_dicoms/sub-(.*?)_/>> -> 'sub-'
2025-12-17 17:58:32 - ERROR | Could not parse required sub-<label> label from [DICOM] /home/rflaherty/test_dicoms/raw/sub-01_ses-20251121_acq-vibeMTc9_rec-DL6weak_rec-PSN-on-off/20250828/91_0004_vibemt-c9-f100-fa6-1iso-psnoff/original-primary-m-none_e09_0001.dcm using: <<filepath:/raw/test_dicoms/sub-(.*?)_/>> -> 'sub-'
2025-12-17 17:58:32 - ERROR | Could not parse required sub-<label> label from [DICOM] /home/rflaherty/test_dicoms/raw/sub-01_ses-20251121_acq-vibeMTc9_rec-DL6weak_rec-PSN-on-off/20250828/91_0005_vibemt-c9-f100-fa10-1iso-psnon/original-primary-m-none_e09_0001.dcm using: <<filepath:/raw/test_dicoms/sub-(.*?)_/>> -> 'sub-'
2025-12-17 17:58:32 - ERROR | Could not parse required sub-<label> label from [DICOM] /home/rflaherty/test_dicoms/raw/sub-01_ses-20251121_acq-vibeMTc9_rec-DL6weak_rec-PSN-on-off/20250828/91_0006_vibemt-c9-f100-fa10-1iso-psnoff/original-primary-m-none_e09_0001.dcm using: <<filepath:/raw/test_dicoms/sub-(.*?)_/>> -> 'sub-'
2025-12-17 17:58:32 - ERROR | Could not parse required sub-<label> label from [DICOM] /home/rflaherty/test_dicoms/raw/sub-01_ses-20251121_acq-vibeMTc9_rec-DL6weak_rec-PSN-on-off/20250828/91_0007_vibemt-c9-f4-fa10-1iso-psnon/original-primary-m-none_e09_0001.dcm using: <<filepath:/raw/test_dicoms/sub-(.*?)_/>> -> 'sub-'
2025-12-17 17:58:32 - ERROR | Could not parse required sub-<label> label from [DICOM] /home/rflaherty/test_dicoms/raw/sub-01_ses-20251121_acq-vibeMTc9_rec-DL6weak_rec-PSN-on-off/20250828/91_0008_vibemt-c9-f4-fa10-1iso-psnoff/original-primary-m-none_e09_0001.dcm using: <<filepath:/raw/test_dicoms/sub-(.*?)_/>> -> 'sub-'
2025-12-17 17:58:32 - ERROR | Could not parse required sub-<label> label from [DICOM] /home/rflaherty/test_dicoms/raw/sub-02_ses-20241024_acq-greMTcs9_rec-CC-off/20241024/38928_0007_gremt-cs9-f4-fa10-1iso-ellip76/original-primary-m-none_e09_0001.dcm using: <<filepath:/raw/test_dicoms/sub-(.*?)_/>> -> 'sub-'
2025-12-17 17:58:32 - ERROR | Could not parse required sub-<label> label from [DICOM] /home/rflaherty/test_dicoms/raw/sub-02_ses-20241024_acq-greMTcs9_rec-CC-off/20241024/38928_0008_gremt-cs9-f100-fa10-1iso-ellip76/original-primary-m-none_e09_0001.dcm using: <<filepath:/raw/test_dicoms/sub-(.*?)_/>> -> 'sub-'
2025-12-17 17:58:32 - ERROR | Could not parse required sub-<label> label from [DICOM] /home/rflaherty/test_dicoms/raw/sub-02_ses-20241024_acq-greMTcs9_rec-CC-off/20241024/38928_0009_gremt-cs9-f100-fa6-1iso-ellip76/original-primary-m-none_e09_0001.dcm using: <<filepath:/raw/test_dicoms/sub-(.*?)_/>> -> 'sub-'
2025-12-17 17:58:32 - ERROR | Could not parse required sub-<label> label from [DICOM] /home/rflaherty/test_dicoms/raw/sub-02_ses-20241024_acq-greMTcs9_rec-CC-off/20241024/38928_0010_gremt-cs9-f100-fa25-1iso-ellip76/original-primary-m-none_e09_0001.dcm using: <<filepath:/raw/test_dicoms/sub-(.*?)_/>> -> 'sub-'
2025-12-17 17:58:32 - ERROR | Could not parse required sub-<label> label from [DICOM] /home/rflaherty/test_dicoms/raw/sub-02_ses-20241024_acq-greMTcs9_rec-CC-off/20241024/38928_0011_t1-mpr-fwe-1iso-cs4-6/original-primary-m-none_e09_0001.dcm using: <<filepath:/raw/test_dicoms/sub-(.*?)_/>> -> 'sub-'
2025-12-17 17:58:32 - ERROR | Could not parse required sub-<label> label from [DICOM] /home/rflaherty/test_dicoms/raw/sub-01_ses-20240517-02_rec-PSN-on/20241022/91_0099_phoenixzipreport/original-primary-other-csa-report_e09_0007.dcm using: <<filepath:/raw/test_dicoms/sub-(.*?)_/>> -> 'sub-'
2025-12-17 17:58:39 - WARNING | Not all generated bidsnames are BIDS-valid (make sure they are BIDS-ignored
<<<<<<<<<<<<<<<<<<<<<<<<<<<<<<<<<<<<<<<<

2025-12-17 17:59:08 - INFO | For the complete detailed log see: /home/rflaherty/normabrain/bids/code/bidscoin/bidsmapper.log
NB: That folder may contain privacy sensitive information, e.g. pathnames in logfiles and provenance data samples
2025-12-17 17:59:38 - INFO | 
2025-12-17 17:59:38 - INFO | -------------- START BIDSmapper ------------
2025-12-17 17:59:38 - INFO | >>> bidsmapper sourcefolder=/home/rflaherty/test_dicoms/raw bidsfolder=/home/rflaherty/normabrain/bids bidsmap=bidsmap.yaml template=bidsmap_dccn.yaml plugins=[] subprefix=None sesprefix=None store=False force=False
2025-12-17 17:59:38 - INFO | Reading: /home/rflaherty/normabrain/bids/code/bidscoin/bidsmap.yaml
2025-12-17 17:59:38 - INFO | Checking the bidsmap run-items:
2025-12-17 17:59:38 - SUCCESS | All run-items in the bidsmap are valid
2025-12-17 17:59:38 - INFO | Reading: /home/rflaherty/normabrain/bidsmap_dccn.yaml
2025-12-17 17:59:39 - INFO | Checking the bidsmap run-items:
2025-12-17 17:59:39 - VERBOSE | Could not validate every run-item in the bidsmap
2025-12-17 17:59:39 - VERBOSE | Checking the template bidsmap datatypes:
2025-12-17 17:59:39 - SUCCESS | All datatypes and options in the template bidsmap are valid
2025-12-17 17:59:39 - INFO | Mapping: /home/rflaherty/test_dicoms/raw/sub-01_ses-20240517-02_rec-PSN-on (subject 1/7)
2025-12-17 17:59:39 - VERBOSE | Executing plugin: dcm2niix2bids -> /home/rflaherty/test_dicoms/raw/sub-01_ses-20240517-02_rec-PSN-on
2025-12-17 18:03:49 - INFO | 
2025-12-17 18:03:49 - INFO | -------------- START BIDSmapper ------------
2025-12-17 18:03:49 - INFO | >>> bidsmapper sourcefolder=/home/rflaherty/test_dicoms/raw bidsfolder=/home/rflaherty/normabrain/bids bidsmap=bidsmap.yaml template=bidsmap_dccn.yaml plugins=[] subprefix=None sesprefix=None store=False force=False
2025-12-17 18:03:49 - INFO | Reading: /home/rflaherty/normabrain/bids/code/bidscoin/bidsmap.yaml
2025-12-17 18:03:50 - INFO | Checking the bidsmap run-items:
2025-12-17 18:03:50 - SUCCESS | All run-items in the bidsmap are valid
2025-12-17 18:03:50 - INFO | Reading: /home/rflaherty/normabrain/bidsmap_dccn.yaml
2025-12-17 18:03:50 - INFO | Checking the bidsmap run-items:
2025-12-17 18:03:51 - VERBOSE | Could not validate every run-item in the bidsmap
2025-12-17 18:03:51 - VERBOSE | Checking the template bidsmap datatypes:
2025-12-17 18:03:51 - SUCCESS | All datatypes and options in the template bidsmap are valid
2025-12-17 18:03:51 - INFO | Mapping: /home/rflaherty/test_dicoms/raw/sub-01_ses-20240517-02_rec-PSN-on (subject 1/7)
2025-12-17 18:03:51 - VERBOSE | Executing plugin: dcm2niix2bids -> /home/rflaherty/test_dicoms/raw/sub-01_ses-20240517-02_rec-PSN-on
2025-12-17 18:07:55 - INFO | 
2025-12-17 18:07:55 - INFO | -------------- START BIDSmapper ------------
2025-12-17 18:07:55 - INFO | >>> bidsmapper sourcefolder=/home/rflaherty/test_dicoms/raw bidsfolder=/home/rflaherty/normabrain/bids bidsmap=bidsmap.yaml template=bidsmap_dccn.yaml plugins=[] subprefix=None sesprefix=None store=False force=False
2025-12-17 18:07:55 - INFO | Reading: /home/rflaherty/normabrain/bids/code/bidscoin/bidsmap.yaml
2025-12-17 18:07:56 - INFO | Checking the bidsmap run-items:
2025-12-17 18:07:56 - SUCCESS | All run-items in the bidsmap are valid
2025-12-17 18:07:56 - INFO | Reading: /home/rflaherty/normabrain/bidsmap_dccn.yaml
2025-12-17 18:07:56 - INFO | Checking the bidsmap run-items:
2025-12-17 18:07:57 - VERBOSE | Could not validate every run-item in the bidsmap
2025-12-17 18:07:57 - VERBOSE | Checking the template bidsmap datatypes:
2025-12-17 18:07:57 - SUCCESS | All datatypes and options in the template bidsmap are valid
2025-12-17 18:07:57 - INFO | Mapping: /home/rflaherty/test_dicoms/raw/sub-01_ses-20240517-02_rec-PSN-on (subject 1/7)
2025-12-17 18:07:57 - VERBOSE | Executing plugin: dcm2niix2bids -> /home/rflaherty/test_dicoms/raw/sub-01_ses-20240517-02_rec-PSN-on
2025-12-17 18:08:08 - VERBOSE | Executing plugin: events2bids -> /home/rflaherty/test_dicoms/raw/sub-01_ses-20240517-02_rec-PSN-on
2025-12-17 18:08:08 - INFO | Mapping: /home/rflaherty/test_dicoms/raw/sub-01_ses-20240718-02_rec-PSN-on (subject 2/7)
2025-12-17 18:08:08 - VERBOSE | Executing plugin: dcm2niix2bids -> /home/rflaherty/test_dicoms/raw/sub-01_ses-20240718-02_rec-PSN-on
2025-12-17 18:08:19 - VERBOSE | Executing plugin: events2bids -> /home/rflaherty/test_dicoms/raw/sub-01_ses-20240718-02_rec-PSN-on
2025-12-17 18:08:19 - INFO | Mapping: /home/rflaherty/test_dicoms/raw/sub-01_ses-20250319_rec-PSN-on (subject 3/7)
2025-12-17 18:08:19 - VERBOSE | Executing plugin: dcm2niix2bids -> /home/rflaherty/test_dicoms/raw/sub-01_ses-20250319_rec-PSN-on
2025-12-17 18:08:23 - VERBOSE | Executing plugin: events2bids -> /home/rflaherty/test_dicoms/raw/sub-01_ses-20250319_rec-PSN-on
2025-12-17 18:08:23 - INFO | Mapping: /home/rflaherty/test_dicoms/raw/sub-01_ses-20251121_acq-vibeMTc9_rec-DL6weak_rec-PSN-on-off (subject 4/7)
2025-12-17 18:08:23 - VERBOSE | Executing plugin: dcm2niix2bids -> /home/rflaherty/test_dicoms/raw/sub-01_ses-20251121_acq-vibeMTc9_rec-DL6weak_rec-PSN-on-off
2025-12-17 18:08:29 - VERBOSE | Executing plugin: events2bids -> /home/rflaherty/test_dicoms/raw/sub-01_ses-20251121_acq-vibeMTc9_rec-DL6weak_rec-PSN-on-off
2025-12-17 18:08:29 - INFO | Mapping: /home/rflaherty/test_dicoms/raw/sub-02_ses-20240828-02_rec-PSN-on (subject 5/7)
2025-12-17 18:08:29 - VERBOSE | Executing plugin: dcm2niix2bids -> /home/rflaherty/test_dicoms/raw/sub-02_ses-20240828-02_rec-PSN-on
2025-12-17 18:08:41 - VERBOSE | Executing plugin: events2bids -> /home/rflaherty/test_dicoms/raw/sub-02_ses-20240828-02_rec-PSN-on
2025-12-17 18:08:41 - INFO | Mapping: /home/rflaherty/test_dicoms/raw/sub-02_ses-20241024_acq-greMTcs9_rec-CC-off (subject 6/7)
2025-12-17 18:08:41 - VERBOSE | Executing plugin: dcm2niix2bids -> /home/rflaherty/test_dicoms/raw/sub-02_ses-20241024_acq-greMTcs9_rec-CC-off
2025-12-17 18:08:51 - WARNING | Not all .dcm-files in '/home/rflaherty/test_dicoms/raw/sub-02_ses-20241024_acq-greMTcs9_rec-CC-off/20241024/38928_0099_phoenixzipreport' have the same size. This may be OK but can also be indicative of a truncated acquisition or file corruption(s)
2025-12-17 18:08:51 - VERBOSE | Executing plugin: events2bids -> /home/rflaherty/test_dicoms/raw/sub-02_ses-20241024_acq-greMTcs9_rec-CC-off
2025-12-17 18:08:51 - INFO | Mapping: /home/rflaherty/test_dicoms/raw/sub-03_ses-20240903-02_rec-PSN-on (subject 7/7)
2025-12-17 18:08:51 - VERBOSE | Executing plugin: dcm2niix2bids -> /home/rflaherty/test_dicoms/raw/sub-03_ses-20240903-02_rec-PSN-on
2025-12-17 18:09:04 - VERBOSE | Executing plugin: events2bids -> /home/rflaherty/test_dicoms/raw/sub-03_ses-20240903-02_rec-PSN-on
2025-12-17 18:09:04 - INFO | Opening the bidseditor
2025-12-17 18:09:04 - ERROR | Could not parse required sub-<label> label from [DICOM] /home/rflaherty/test_dicoms/raw/sub-02_ses-20241024_acq-greMTcs9_rec-CC-off/20241024/38928_0006_tfl-b1map-sag/original-primary-flip-angle-map-none_e09_0001.dcm using: <<filepath:/raw/test_dicoms/sub-(.*?)/>> -> 'sub-'
2025-12-17 18:09:04 - ERROR | Could not parse required sub-<label> label from [DICOM] /home/rflaherty/test_dicoms/raw/sub-01_ses-20240517-02_rec-PSN-on/20241022/91_0006_gremt-cs4-f4-fa10-1iso-ellip83-rr/original-primary-m-none_e09_0001.dcm using: <<filepath:/raw/test_dicoms/sub-(.*?)/>> -> 'sub-'
2025-12-17 18:09:05 - ERROR | Could not parse required sub-<label> label from [DICOM] /home/rflaherty/test_dicoms/raw/sub-01_ses-20240517-02_rec-PSN-on/20241022/91_0007_gremt-cs4-f100-fa6-1iso-ellip83-rr/original-primary-m-none_e09_0001.dcm using: <<filepath:/raw/test_dicoms/sub-(.*?)/>> -> 'sub-'
2025-12-17 18:09:05 - ERROR | Could not parse required sub-<label> label from [DICOM] /home/rflaherty/test_dicoms/raw/sub-01_ses-20240517-02_rec-PSN-on/20241022/91_0008_gremt-cs4-f100-fa10-1iso-ellip83-rr/original-primary-m-none_e09_0001.dcm using: <<filepath:/raw/test_dicoms/sub-(.*?)/>> -> 'sub-'
2025-12-17 18:09:06 - ERROR | Could not parse required sub-<label> label from [DICOM] /home/rflaherty/test_dicoms/raw/sub-01_ses-20240517-02_rec-PSN-on/20241022/91_0009_gremt-cs4-f100-fa25-1iso-ellip83-rr/original-primary-m-none_e09_0001.dcm using: <<filepath:/raw/test_dicoms/sub-(.*?)/>> -> 'sub-'
2025-12-17 18:09:06 - ERROR | Could not parse required sub-<label> label from [DICOM] /home/rflaherty/test_dicoms/raw/sub-01_ses-20240517-02_rec-PSN-on/20241022/91_0010_gremt-cs6-f4-fa10-1iso-ellip79-rr/original-primary-m-none_e09_0001.dcm using: <<filepath:/raw/test_dicoms/sub-(.*?)/>> -> 'sub-'
2025-12-17 18:09:07 - ERROR | Could not parse required sub-<label> label from [DICOM] /home/rflaherty/test_dicoms/raw/sub-01_ses-20240517-02_rec-PSN-on/20241022/91_0011_gremt-cs6-f100-fa6-1iso-ellip79-rr/original-primary-m-none_e09_0001.dcm using: <<filepath:/raw/test_dicoms/sub-(.*?)/>> -> 'sub-'
2025-12-17 18:09:07 - ERROR | Could not parse required sub-<label> label from [DICOM] /home/rflaherty/test_dicoms/raw/sub-01_ses-20240517-02_rec-PSN-on/20241022/91_0012_gremt-cs6-f100-fa10-1iso-ellip79-rr/original-primary-m-none_e09_0001.dcm using: <<filepath:/raw/test_dicoms/sub-(.*?)/>> -> 'sub-'
2025-12-17 18:09:08 - ERROR | Could not parse required sub-<label> label from [DICOM] /home/rflaherty/test_dicoms/raw/sub-01_ses-20240517-02_rec-PSN-on/20241022/91_0013_gremt-cs9-f4-fa10-1iso-ellip76-rr/original-primary-m-none_e09_0001.dcm using: <<filepath:/raw/test_dicoms/sub-(.*?)/>> -> 'sub-'
2025-12-17 18:09:08 - ERROR | Could not parse required sub-<label> label from [DICOM] /home/rflaherty/test_dicoms/raw/sub-01_ses-20240517-02_rec-PSN-on/20241022/91_0014_gremt-cs9-f100-fa6-1iso-ellip76-rr/original-primary-m-none_e09_0001.dcm using: <<filepath:/raw/test_dicoms/sub-(.*?)/>> -> 'sub-'
2025-12-17 18:09:09 - ERROR | Could not parse required sub-<label> label from [DICOM] /home/rflaherty/test_dicoms/raw/sub-01_ses-20240517-02_rec-PSN-on/20241022/91_0015_gremt-cs9-f100-fa10-1iso-ellip76-rr/original-primary-m-none_e09_0001.dcm using: <<filepath:/raw/test_dicoms/sub-(.*?)/>> -> 'sub-'
2025-12-17 18:09:09 - ERROR | Could not parse required sub-<label> label from [DICOM] /home/rflaherty/test_dicoms/raw/sub-01_ses-20240517-02_rec-PSN-on/20241022/91_0016_gremt-cs9-f100-fa25-1iso-ellip76-rr/original-primary-m-none_e09_0001.dcm using: <<filepath:/raw/test_dicoms/sub-(.*?)/>> -> 'sub-'
2025-12-17 18:09:10 - ERROR | Could not parse required sub-<label> label from [DICOM] /home/rflaherty/test_dicoms/raw/sub-01_ses-20240517-02_rec-PSN-on/20241022/91_0017_gremt-cs6-f100-fa25-1iso-ellip79-rr/original-primary-m-none_e09_0001.dcm using: <<filepath:/raw/test_dicoms/sub-(.*?)/>> -> 'sub-'
2025-12-17 18:09:10 - ERROR | Could not parse required sub-<label> label from [DICOM] /home/rflaherty/test_dicoms/raw/sub-01_ses-20250319_rec-PSN-on/20250825/00_0001_gremt-cs4-f100-fa25-1iso-ellip83-rr/original-primary-m-none_e09_0001.dcm using: <<filepath:/raw/test_dicoms/sub-(.*?)/>> -> 'sub-'
2025-12-17 18:09:11 - ERROR | Could not parse required sub-<label> label from [DICOM] /home/rflaherty/test_dicoms/raw/sub-01_ses-20250319_rec-PSN-on/20250825/00_0003_gremt-cs4-f100-fa6-1iso-ellip83-rr/original-primary-m-none_e09_0001.dcm using: <<filepath:/raw/test_dicoms/sub-(.*?)/>> -> 'sub-'
2025-12-17 18:09:11 - ERROR | Could not parse required sub-<label> label from [DICOM] /home/rflaherty/test_dicoms/raw/sub-01_ses-20250319_rec-PSN-on/20250825/00_0005_gremt-cs4-f100-fa10-1iso-ellip83-rr/original-primary-m-none_e09_0001.dcm using: <<filepath:/raw/test_dicoms/sub-(.*?)/>> -> 'sub-'
2025-12-17 18:09:12 - ERROR | Could not parse required sub-<label> label from [DICOM] /home/rflaherty/test_dicoms/raw/sub-01_ses-20250319_rec-PSN-on/20250825/00_0007_gremt-cs4-f4-fa10-1iso-ellip83-rr/original-primary-m-none_e09_0001.dcm using: <<filepath:/raw/test_dicoms/sub-(.*?)/>> -> 'sub-'
2025-12-17 18:09:12 - ERROR | Could not parse required sub-<label> label from [DICOM] /home/rflaherty/test_dicoms/raw/sub-01_ses-20251121_acq-vibeMTc9_rec-DL6weak_rec-PSN-on-off/20250828/91_0001_vibemt-c9-f100-fa25-1iso-psnon/original-primary-m-none_e09_0001.dcm using: <<filepath:/raw/test_dicoms/sub-(.*?)/>> -> 'sub-'
2025-12-17 18:09:13 - ERROR | Could not parse required sub-<label> label from [DICOM] /home/rflaherty/test_dicoms/raw/sub-01_ses-20251121_acq-vibeMTc9_rec-DL6weak_rec-PSN-on-off/20250828/91_0002_vibemt-c9-f100-fa25-1iso-psnoff/original-primary-m-none_e09_0001.dcm using: <<filepath:/raw/test_dicoms/sub-(.*?)/>> -> 'sub-'
2025-12-17 18:09:13 - ERROR | Could not parse required sub-<label> label from [DICOM] /home/rflaherty/test_dicoms/raw/sub-01_ses-20251121_acq-vibeMTc9_rec-DL6weak_rec-PSN-on-off/20250828/91_0003_vibemt-c9-f100-fa6-1iso-psnon/original-primary-m-none_e09_0001.dcm using: <<filepath:/raw/test_dicoms/sub-(.*?)/>> -> 'sub-'
2025-12-17 18:09:14 - ERROR | Could not parse required sub-<label> label from [DICOM] /home/rflaherty/test_dicoms/raw/sub-01_ses-20251121_acq-vibeMTc9_rec-DL6weak_rec-PSN-on-off/20250828/91_0004_vibemt-c9-f100-fa6-1iso-psnoff/original-primary-m-none_e09_0001.dcm using: <<filepath:/raw/test_dicoms/sub-(.*?)/>> -> 'sub-'
2025-12-17 18:09:14 - ERROR | Could not parse required sub-<label> label from [DICOM] /home/rflaherty/test_dicoms/raw/sub-01_ses-20251121_acq-vibeMTc9_rec-DL6weak_rec-PSN-on-off/20250828/91_0005_vibemt-c9-f100-fa10-1iso-psnon/original-primary-m-none_e09_0001.dcm using: <<filepath:/raw/test_dicoms/sub-(.*?)/>> -> 'sub-'
2025-12-17 18:09:15 - ERROR | Could not parse required sub-<label> label from [DICOM] /home/rflaherty/test_dicoms/raw/sub-01_ses-20251121_acq-vibeMTc9_rec-DL6weak_rec-PSN-on-off/20250828/91_0006_vibemt-c9-f100-fa10-1iso-psnoff/original-primary-m-none_e09_0001.dcm using: <<filepath:/raw/test_dicoms/sub-(.*?)/>> -> 'sub-'
2025-12-17 18:09:16 - ERROR | Could not parse required sub-<label> label from [DICOM] /home/rflaherty/test_dicoms/raw/sub-01_ses-20251121_acq-vibeMTc9_rec-DL6weak_rec-PSN-on-off/20250828/91_0007_vibemt-c9-f4-fa10-1iso-psnon/original-primary-m-none_e09_0001.dcm using: <<filepath:/raw/test_dicoms/sub-(.*?)/>> -> 'sub-'
2025-12-17 18:09:16 - ERROR | Could not parse required sub-<label> label from [DICOM] /home/rflaherty/test_dicoms/raw/sub-01_ses-20251121_acq-vibeMTc9_rec-DL6weak_rec-PSN-on-off/20250828/91_0008_vibemt-c9-f4-fa10-1iso-psnoff/original-primary-m-none_e09_0001.dcm using: <<filepath:/raw/test_dicoms/sub-(.*?)/>> -> 'sub-'
2025-12-17 18:09:17 - ERROR | Could not parse required sub-<label> label from [DICOM] /home/rflaherty/test_dicoms/raw/sub-02_ses-20241024_acq-greMTcs9_rec-CC-off/20241024/38928_0007_gremt-cs9-f4-fa10-1iso-ellip76/original-primary-m-none_e09_0001.dcm using: <<filepath:/raw/test_dicoms/sub-(.*?)/>> -> 'sub-'
2025-12-17 18:09:38 - INFO | 
2025-12-17 18:09:38 - INFO | -------------- START BIDSmapper ------------
2025-12-17 18:09:38 - INFO | >>> bidsmapper sourcefolder=/home/rflaherty/test_dicoms/raw bidsfolder=/home/rflaherty/normabrain/bids bidsmap=bidsmap.yaml template=bidsmap_dccn.yaml plugins=[] subprefix=sub- sesprefix=ses- store=False force=False
2025-12-17 18:09:38 - INFO | Reading: /home/rflaherty/normabrain/bids/code/bidscoin/bidsmap.yaml
2025-12-17 18:09:39 - INFO | Checking the bidsmap run-items:
2025-12-17 18:09:39 - SUCCESS | All run-items in the bidsmap are valid
2025-12-17 18:09:39 - INFO | Reading: /home/rflaherty/normabrain/bidsmap_dccn.yaml
2025-12-17 18:09:40 - INFO | Checking the bidsmap run-items:
2025-12-17 18:09:40 - VERBOSE | Could not validate every run-item in the bidsmap
2025-12-17 18:09:40 - VERBOSE | Checking the template bidsmap datatypes:
2025-12-17 18:09:40 - SUCCESS | All datatypes and options in the template bidsmap are valid
2025-12-17 18:09:40 - INFO | Mapping: /home/rflaherty/test_dicoms/raw/sub-01_ses-20240517-02_rec-PSN-on (subject 1/7)
2025-12-17 18:09:40 - VERBOSE | Executing plugin: dcm2niix2bids -> /home/rflaherty/test_dicoms/raw/sub-01_ses-20240517-02_rec-PSN-on
2025-12-17 18:09:51 - VERBOSE | Executing plugin: events2bids -> /home/rflaherty/test_dicoms/raw/sub-01_ses-20240517-02_rec-PSN-on
2025-12-17 18:09:51 - INFO | Mapping: /home/rflaherty/test_dicoms/raw/sub-01_ses-20240718-02_rec-PSN-on (subject 2/7)
2025-12-17 18:09:51 - VERBOSE | Executing plugin: dcm2niix2bids -> /home/rflaherty/test_dicoms/raw/sub-01_ses-20240718-02_rec-PSN-on
2025-12-17 18:10:05 - VERBOSE | Executing plugin: events2bids -> /home/rflaherty/test_dicoms/raw/sub-01_ses-20240718-02_rec-PSN-on
2025-12-17 18:10:05 - INFO | Mapping: /home/rflaherty/test_dicoms/raw/sub-01_ses-20250319_rec-PSN-on (subject 3/7)
2025-12-17 18:10:05 - VERBOSE | Executing plugin: dcm2niix2bids -> /home/rflaherty/test_dicoms/raw/sub-01_ses-20250319_rec-PSN-on
2025-12-17 18:10:08 - VERBOSE | Executing plugin: events2bids -> /home/rflaherty/test_dicoms/raw/sub-01_ses-20250319_rec-PSN-on
2025-12-17 18:10:08 - INFO | Mapping: /home/rflaherty/test_dicoms/raw/sub-01_ses-20251121_acq-vibeMTc9_rec-DL6weak_rec-PSN-on-off (subject 4/7)
2025-12-17 18:10:08 - VERBOSE | Executing plugin: dcm2niix2bids -> /home/rflaherty/test_dicoms/raw/sub-01_ses-20251121_acq-vibeMTc9_rec-DL6weak_rec-PSN-on-off
2025-12-17 18:10:15 - VERBOSE | Executing plugin: events2bids -> /home/rflaherty/test_dicoms/raw/sub-01_ses-20251121_acq-vibeMTc9_rec-DL6weak_rec-PSN-on-off
2025-12-17 18:10:15 - INFO | Mapping: /home/rflaherty/test_dicoms/raw/sub-02_ses-20240828-02_rec-PSN-on (subject 5/7)
2025-12-17 18:10:15 - VERBOSE | Executing plugin: dcm2niix2bids -> /home/rflaherty/test_dicoms/raw/sub-02_ses-20240828-02_rec-PSN-on
2025-12-17 18:10:28 - VERBOSE | Executing plugin: events2bids -> /home/rflaherty/test_dicoms/raw/sub-02_ses-20240828-02_rec-PSN-on
2025-12-17 18:10:28 - INFO | Mapping: /home/rflaherty/test_dicoms/raw/sub-02_ses-20241024_acq-greMTcs9_rec-CC-off (subject 6/7)
2025-12-17 18:10:28 - VERBOSE | Executing plugin: dcm2niix2bids -> /home/rflaherty/test_dicoms/raw/sub-02_ses-20241024_acq-greMTcs9_rec-CC-off
2025-12-17 18:10:38 - WARNING | Not all .dcm-files in '/home/rflaherty/test_dicoms/raw/sub-02_ses-20241024_acq-greMTcs9_rec-CC-off/20241024/38928_0099_phoenixzipreport' have the same size. This may be OK but can also be indicative of a truncated acquisition or file corruption(s)
2025-12-17 18:10:39 - VERBOSE | Executing plugin: events2bids -> /home/rflaherty/test_dicoms/raw/sub-02_ses-20241024_acq-greMTcs9_rec-CC-off
2025-12-17 18:10:39 - INFO | Mapping: /home/rflaherty/test_dicoms/raw/sub-03_ses-20240903-02_rec-PSN-on (subject 7/7)
2025-12-17 18:10:39 - VERBOSE | Executing plugin: dcm2niix2bids -> /home/rflaherty/test_dicoms/raw/sub-03_ses-20240903-02_rec-PSN-on
2025-12-17 18:10:50 - VERBOSE | Executing plugin: events2bids -> /home/rflaherty/test_dicoms/raw/sub-03_ses-20240903-02_rec-PSN-on
2025-12-17 18:10:50 - INFO | Opening the bidseditor
2025-12-17 18:10:51 - ERROR | Could not parse required sub-<label> label from [DICOM] /home/rflaherty/test_dicoms/raw/sub-02_ses-20241024_acq-greMTcs9_rec-CC-off/20241024/38928_0006_tfl-b1map-sag/original-primary-flip-angle-map-none_e09_0001.dcm using: <<filepath:/raw/test_dicoms/sub-(.*?)/>> -> 'sub-'
2025-12-17 18:10:51 - ERROR | Could not parse required sub-<label> label from [DICOM] /home/rflaherty/test_dicoms/raw/sub-01_ses-20240517-02_rec-PSN-on/20241022/91_0006_gremt-cs4-f4-fa10-1iso-ellip83-rr/original-primary-m-none_e09_0001.dcm using: <<filepath:/raw/test_dicoms/sub-(.*?)/>> -> 'sub-'
2025-12-17 18:10:52 - ERROR | Could not parse required sub-<label> label from [DICOM] /home/rflaherty/test_dicoms/raw/sub-01_ses-20240517-02_rec-PSN-on/20241022/91_0007_gremt-cs4-f100-fa6-1iso-ellip83-rr/original-primary-m-none_e09_0001.dcm using: <<filepath:/raw/test_dicoms/sub-(.*?)/>> -> 'sub-'
2025-12-17 18:10:52 - ERROR | Could not parse required sub-<label> label from [DICOM] /home/rflaherty/test_dicoms/raw/sub-01_ses-20240517-02_rec-PSN-on/20241022/91_0008_gremt-cs4-f100-fa10-1iso-ellip83-rr/original-primary-m-none_e09_0001.dcm using: <<filepath:/raw/test_dicoms/sub-(.*?)/>> -> 'sub-'
2025-12-17 18:10:53 - ERROR | Could not parse required sub-<label> label from [DICOM] /home/rflaherty/test_dicoms/raw/sub-01_ses-20240517-02_rec-PSN-on/20241022/91_0009_gremt-cs4-f100-fa25-1iso-ellip83-rr/original-primary-m-none_e09_0001.dcm using: <<filepath:/raw/test_dicoms/sub-(.*?)/>> -> 'sub-'
2025-12-17 18:10:53 - ERROR | Could not parse required sub-<label> label from [DICOM] /home/rflaherty/test_dicoms/raw/sub-01_ses-20240517-02_rec-PSN-on/20241022/91_0010_gremt-cs6-f4-fa10-1iso-ellip79-rr/original-primary-m-none_e09_0001.dcm using: <<filepath:/raw/test_dicoms/sub-(.*?)/>> -> 'sub-'
2025-12-17 18:10:53 - ERROR | Could not parse required sub-<label> label from [DICOM] /home/rflaherty/test_dicoms/raw/sub-01_ses-20240517-02_rec-PSN-on/20241022/91_0011_gremt-cs6-f100-fa6-1iso-ellip79-rr/original-primary-m-none_e09_0001.dcm using: <<filepath:/raw/test_dicoms/sub-(.*?)/>> -> 'sub-'
2025-12-17 18:10:54 - ERROR | Could not parse required sub-<label> label from [DICOM] /home/rflaherty/test_dicoms/raw/sub-01_ses-20240517-02_rec-PSN-on/20241022/91_0012_gremt-cs6-f100-fa10-1iso-ellip79-rr/original-primary-m-none_e09_0001.dcm using: <<filepath:/raw/test_dicoms/sub-(.*?)/>> -> 'sub-'
2025-12-17 18:10:54 - ERROR | Could not parse required sub-<label> label from [DICOM] /home/rflaherty/test_dicoms/raw/sub-01_ses-20240517-02_rec-PSN-on/20241022/91_0013_gremt-cs9-f4-fa10-1iso-ellip76-rr/original-primary-m-none_e09_0001.dcm using: <<filepath:/raw/test_dicoms/sub-(.*?)/>> -> 'sub-'
2025-12-17 18:10:55 - ERROR | Could not parse required sub-<label> label from [DICOM] /home/rflaherty/test_dicoms/raw/sub-01_ses-20240517-02_rec-PSN-on/20241022/91_0014_gremt-cs9-f100-fa6-1iso-ellip76-rr/original-primary-m-none_e09_0001.dcm using: <<filepath:/raw/test_dicoms/sub-(.*?)/>> -> 'sub-'
2025-12-17 18:10:55 - ERROR | Could not parse required sub-<label> label from [DICOM] /home/rflaherty/test_dicoms/raw/sub-01_ses-20240517-02_rec-PSN-on/20241022/91_0015_gremt-cs9-f100-fa10-1iso-ellip76-rr/original-primary-m-none_e09_0001.dcm using: <<filepath:/raw/test_dicoms/sub-(.*?)/>> -> 'sub-'
2025-12-17 18:10:56 - ERROR | Could not parse required sub-<label> label from [DICOM] /home/rflaherty/test_dicoms/raw/sub-01_ses-20240517-02_rec-PSN-on/20241022/91_0016_gremt-cs9-f100-fa25-1iso-ellip76-rr/original-primary-m-none_e09_0001.dcm using: <<filepath:/raw/test_dicoms/sub-(.*?)/>> -> 'sub-'
2025-12-17 18:10:56 - ERROR | Could not parse required sub-<label> label from [DICOM] /home/rflaherty/test_dicoms/raw/sub-01_ses-20240517-02_rec-PSN-on/20241022/91_0017_gremt-cs6-f100-fa25-1iso-ellip79-rr/original-primary-m-none_e09_0001.dcm using: <<filepath:/raw/test_dicoms/sub-(.*?)/>> -> 'sub-'
2025-12-17 18:10:57 - ERROR | Could not parse required sub-<label> label from [DICOM] /home/rflaherty/test_dicoms/raw/sub-01_ses-20250319_rec-PSN-on/20250825/00_0001_gremt-cs4-f100-fa25-1iso-ellip83-rr/original-primary-m-none_e09_0001.dcm using: <<filepath:/raw/test_dicoms/sub-(.*?)/>> -> 'sub-'
2025-12-17 18:10:57 - ERROR | Could not parse required sub-<label> label from [DICOM] /home/rflaherty/test_dicoms/raw/sub-01_ses-20250319_rec-PSN-on/20250825/00_0003_gremt-cs4-f100-fa6-1iso-ellip83-rr/original-primary-m-none_e09_0001.dcm using: <<filepath:/raw/test_dicoms/sub-(.*?)/>> -> 'sub-'
2025-12-17 18:10:58 - ERROR | Could not parse required sub-<label> label from [DICOM] /home/rflaherty/test_dicoms/raw/sub-01_ses-20250319_rec-PSN-on/20250825/00_0005_gremt-cs4-f100-fa10-1iso-ellip83-rr/original-primary-m-none_e09_0001.dcm using: <<filepath:/raw/test_dicoms/sub-(.*?)/>> -> 'sub-'
2025-12-17 18:10:58 - ERROR | Could not parse required sub-<label> label from [DICOM] /home/rflaherty/test_dicoms/raw/sub-01_ses-20250319_rec-PSN-on/20250825/00_0007_gremt-cs4-f4-fa10-1iso-ellip83-rr/original-primary-m-none_e09_0001.dcm using: <<filepath:/raw/test_dicoms/sub-(.*?)/>> -> 'sub-'
2025-12-17 18:10:59 - ERROR | Could not parse required sub-<label> label from [DICOM] /home/rflaherty/test_dicoms/raw/sub-01_ses-20251121_acq-vibeMTc9_rec-DL6weak_rec-PSN-on-off/20250828/91_0001_vibemt-c9-f100-fa25-1iso-psnon/original-primary-m-none_e09_0001.dcm using: <<filepath:/raw/test_dicoms/sub-(.*?)/>> -> 'sub-'
2025-12-17 18:10:59 - ERROR | Could not parse required sub-<label> label from [DICOM] /home/rflaherty/test_dicoms/raw/sub-01_ses-20251121_acq-vibeMTc9_rec-DL6weak_rec-PSN-on-off/20250828/91_0002_vibemt-c9-f100-fa25-1iso-psnoff/original-primary-m-none_e09_0001.dcm using: <<filepath:/raw/test_dicoms/sub-(.*?)/>> -> 'sub-'
2025-12-17 18:11:00 - ERROR | Could not parse required sub-<label> label from [DICOM] /home/rflaherty/test_dicoms/raw/sub-01_ses-20251121_acq-vibeMTc9_rec-DL6weak_rec-PSN-on-off/20250828/91_0003_vibemt-c9-f100-fa6-1iso-psnon/original-primary-m-none_e09_0001.dcm using: <<filepath:/raw/test_dicoms/sub-(.*?)/>> -> 'sub-'
2025-12-17 18:11:00 - ERROR | Could not parse required sub-<label> label from [DICOM] /home/rflaherty/test_dicoms/raw/sub-01_ses-20251121_acq-vibeMTc9_rec-DL6weak_rec-PSN-on-off/20250828/91_0004_vibemt-c9-f100-fa6-1iso-psnoff/original-primary-m-none_e09_0001.dcm using: <<filepath:/raw/test_dicoms/sub-(.*?)/>> -> 'sub-'
2025-12-17 18:11:01 - ERROR | Could not parse required sub-<label> label from [DICOM] /home/rflaherty/test_dicoms/raw/sub-01_ses-20251121_acq-vibeMTc9_rec-DL6weak_rec-PSN-on-off/20250828/91_0005_vibemt-c9-f100-fa10-1iso-psnon/original-primary-m-none_e09_0001.dcm using: <<filepath:/raw/test_dicoms/sub-(.*?)/>> -> 'sub-'
2025-12-17 18:11:01 - ERROR | Could not parse required sub-<label> label from [DICOM] /home/rflaherty/test_dicoms/raw/sub-01_ses-20251121_acq-vibeMTc9_rec-DL6weak_rec-PSN-on-off/20250828/91_0006_vibemt-c9-f100-fa10-1iso-psnoff/original-primary-m-none_e09_0001.dcm using: <<filepath:/raw/test_dicoms/sub-(.*?)/>> -> 'sub-'
2025-12-17 18:11:01 - ERROR | Could not parse required sub-<label> label from [DICOM] /home/rflaherty/test_dicoms/raw/sub-01_ses-20251121_acq-vibeMTc9_rec-DL6weak_rec-PSN-on-off/20250828/91_0007_vibemt-c9-f4-fa10-1iso-psnon/original-primary-m-none_e09_0001.dcm using: <<filepath:/raw/test_dicoms/sub-(.*?)/>> -> 'sub-'
2025-12-17 18:11:02 - ERROR | Could not parse required sub-<label> label from [DICOM] /home/rflaherty/test_dicoms/raw/sub-01_ses-20251121_acq-vibeMTc9_rec-DL6weak_rec-PSN-on-off/20250828/91_0008_vibemt-c9-f4-fa10-1iso-psnoff/original-primary-m-none_e09_0001.dcm using: <<filepath:/raw/test_dicoms/sub-(.*?)/>> -> 'sub-'
2025-12-17 18:11:02 - ERROR | Could not parse required sub-<label> label from [DICOM] /home/rflaherty/test_dicoms/raw/sub-02_ses-20241024_acq-greMTcs9_rec-CC-off/20241024/38928_0007_gremt-cs9-f4-fa10-1iso-ellip76/original-primary-m-none_e09_0001.dcm using: <<filepath:/raw/test_dicoms/sub-(.*?)/>> -> 'sub-'
2025-12-17 18:11:03 - ERROR | Could not parse required sub-<label> label from [DICOM] /home/rflaherty/test_dicoms/raw/sub-02_ses-20241024_acq-greMTcs9_rec-CC-off/20241024/38928_0008_gremt-cs9-f100-fa10-1iso-ellip76/original-primary-m-none_e09_0001.dcm using: <<filepath:/raw/test_dicoms/sub-(.*?)/>> -> 'sub-'
2025-12-17 18:11:03 - ERROR | Could not parse required sub-<label> label from [DICOM] /home/rflaherty/test_dicoms/raw/sub-02_ses-20241024_acq-greMTcs9_rec-CC-off/20241024/38928_0009_gremt-cs9-f100-fa6-1iso-ellip76/original-primary-m-none_e09_0001.dcm using: <<filepath:/raw/test_dicoms/sub-(.*?)/>> -> 'sub-'
2025-12-17 18:11:04 - ERROR | Could not parse required sub-<label> label from [DICOM] /home/rflaherty/test_dicoms/raw/sub-02_ses-20241024_acq-greMTcs9_rec-CC-off/20241024/38928_0010_gremt-cs9-f100-fa25-1iso-ellip76/original-primary-m-none_e09_0001.dcm using: <<filepath:/raw/test_dicoms/sub-(.*?)/>> -> 'sub-'
2025-12-17 18:11:05 - ERROR | Could not parse required sub-<label> label from [DICOM] /home/rflaherty/test_dicoms/raw/sub-02_ses-20241024_acq-greMTcs9_rec-CC-off/20241024/38928_0011_t1-mpr-fwe-1iso-cs4-6/original-primary-m-none_e09_0001.dcm using: <<filepath:/raw/test_dicoms/sub-(.*?)/>> -> 'sub-'
2025-12-17 18:11:05 - ERROR | Could not parse required sub-<label> label from [DICOM] /home/rflaherty/test_dicoms/raw/sub-01_ses-20240517-02_rec-PSN-on/20241022/91_0099_phoenixzipreport/original-primary-other-csa-report_e09_0007.dcm using: <<filepath:/raw/test_dicoms/sub-(.*?)/>> -> 'sub-'
2025-12-17 18:11:31 - INFO | -------------- FINISHED! -------------------
2025-12-17 18:11:31 - INFO | 
2025-12-17 18:11:31 - INFO | The following BIDScoin errors and warnings were reported:

>>>>>>>>>>>>>>>>>>>>>>>>>>>>>>>>>>>>>>>>
2025-12-17 18:10:38 - WARNING | Not all .dcm-files in '/home/rflaherty/test_dicoms/raw/sub-02_ses-20241024_acq-greMTcs9_rec-CC-off/20241024/38928_0099_phoenixzipreport' have the same size. This may be OK but can also be indicative of a truncated acquisition or file corruption(s)
2025-12-17 18:10:51 - ERROR | Could not parse required sub-<label> label from [DICOM] /home/rflaherty/test_dicoms/raw/sub-02_ses-20241024_acq-greMTcs9_rec-CC-off/20241024/38928_0006_tfl-b1map-sag/original-primary-flip-angle-map-none_e09_0001.dcm using: <<filepath:/raw/test_dicoms/sub-(.*?)/>> -> 'sub-'
2025-12-17 18:10:51 - ERROR | Could not parse required sub-<label> label from [DICOM] /home/rflaherty/test_dicoms/raw/sub-01_ses-20240517-02_rec-PSN-on/20241022/91_0006_gremt-cs4-f4-fa10-1iso-ellip83-rr/original-primary-m-none_e09_0001.dcm using: <<filepath:/raw/test_dicoms/sub-(.*?)/>> -> 'sub-'
2025-12-17 18:10:52 - ERROR | Could not parse required sub-<label> label from [DICOM] /home/rflaherty/test_dicoms/raw/sub-01_ses-20240517-02_rec-PSN-on/20241022/91_0007_gremt-cs4-f100-fa6-1iso-ellip83-rr/original-primary-m-none_e09_0001.dcm using: <<filepath:/raw/test_dicoms/sub-(.*?)/>> -> 'sub-'
2025-12-17 18:10:52 - ERROR | Could not parse required sub-<label> label from [DICOM] /home/rflaherty/test_dicoms/raw/sub-01_ses-20240517-02_rec-PSN-on/20241022/91_0008_gremt-cs4-f100-fa10-1iso-ellip83-rr/original-primary-m-none_e09_0001.dcm using: <<filepath:/raw/test_dicoms/sub-(.*?)/>> -> 'sub-'
2025-12-17 18:10:53 - ERROR | Could not parse required sub-<label> label from [DICOM] /home/rflaherty/test_dicoms/raw/sub-01_ses-20240517-02_rec-PSN-on/20241022/91_0009_gremt-cs4-f100-fa25-1iso-ellip83-rr/original-primary-m-none_e09_0001.dcm using: <<filepath:/raw/test_dicoms/sub-(.*?)/>> -> 'sub-'
2025-12-17 18:10:53 - ERROR | Could not parse required sub-<label> label from [DICOM] /home/rflaherty/test_dicoms/raw/sub-01_ses-20240517-02_rec-PSN-on/20241022/91_0010_gremt-cs6-f4-fa10-1iso-ellip79-rr/original-primary-m-none_e09_0001.dcm using: <<filepath:/raw/test_dicoms/sub-(.*?)/>> -> 'sub-'
2025-12-17 18:10:53 - ERROR | Could not parse required sub-<label> label from [DICOM] /home/rflaherty/test_dicoms/raw/sub-01_ses-20240517-02_rec-PSN-on/20241022/91_0011_gremt-cs6-f100-fa6-1iso-ellip79-rr/original-primary-m-none_e09_0001.dcm using: <<filepath:/raw/test_dicoms/sub-(.*?)/>> -> 'sub-'
2025-12-17 18:10:54 - ERROR | Could not parse required sub-<label> label from [DICOM] /home/rflaherty/test_dicoms/raw/sub-01_ses-20240517-02_rec-PSN-on/20241022/91_0012_gremt-cs6-f100-fa10-1iso-ellip79-rr/original-primary-m-none_e09_0001.dcm using: <<filepath:/raw/test_dicoms/sub-(.*?)/>> -> 'sub-'
2025-12-17 18:10:54 - ERROR | Could not parse required sub-<label> label from [DICOM] /home/rflaherty/test_dicoms/raw/sub-01_ses-20240517-02_rec-PSN-on/20241022/91_0013_gremt-cs9-f4-fa10-1iso-ellip76-rr/original-primary-m-none_e09_0001.dcm using: <<filepath:/raw/test_dicoms/sub-(.*?)/>> -> 'sub-'
2025-12-17 18:10:55 - ERROR | Could not parse required sub-<label> label from [DICOM] /home/rflaherty/test_dicoms/raw/sub-01_ses-20240517-02_rec-PSN-on/20241022/91_0014_gremt-cs9-f100-fa6-1iso-ellip76-rr/original-primary-m-none_e09_0001.dcm using: <<filepath:/raw/test_dicoms/sub-(.*?)/>> -> 'sub-'
2025-12-17 18:10:55 - ERROR | Could not parse required sub-<label> label from [DICOM] /home/rflaherty/test_dicoms/raw/sub-01_ses-20240517-02_rec-PSN-on/20241022/91_0015_gremt-cs9-f100-fa10-1iso-ellip76-rr/original-primary-m-none_e09_0001.dcm using: <<filepath:/raw/test_dicoms/sub-(.*?)/>> -> 'sub-'
2025-12-17 18:10:56 - ERROR | Could not parse required sub-<label> label from [DICOM] /home/rflaherty/test_dicoms/raw/sub-01_ses-20240517-02_rec-PSN-on/20241022/91_0016_gremt-cs9-f100-fa25-1iso-ellip76-rr/original-primary-m-none_e09_0001.dcm using: <<filepath:/raw/test_dicoms/sub-(.*?)/>> -> 'sub-'
2025-12-17 18:10:56 - ERROR | Could not parse required sub-<label> label from [DICOM] /home/rflaherty/test_dicoms/raw/sub-01_ses-20240517-02_rec-PSN-on/20241022/91_0017_gremt-cs6-f100-fa25-1iso-ellip79-rr/original-primary-m-none_e09_0001.dcm using: <<filepath:/raw/test_dicoms/sub-(.*?)/>> -> 'sub-'
2025-12-17 18:10:57 - ERROR | Could not parse required sub-<label> label from [DICOM] /home/rflaherty/test_dicoms/raw/sub-01_ses-20250319_rec-PSN-on/20250825/00_0001_gremt-cs4-f100-fa25-1iso-ellip83-rr/original-primary-m-none_e09_0001.dcm using: <<filepath:/raw/test_dicoms/sub-(.*?)/>> -> 'sub-'
2025-12-17 18:10:57 - ERROR | Could not parse required sub-<label> label from [DICOM] /home/rflaherty/test_dicoms/raw/sub-01_ses-20250319_rec-PSN-on/20250825/00_0003_gremt-cs4-f100-fa6-1iso-ellip83-rr/original-primary-m-none_e09_0001.dcm using: <<filepath:/raw/test_dicoms/sub-(.*?)/>> -> 'sub-'
2025-12-17 18:10:58 - ERROR | Could not parse required sub-<label> label from [DICOM] /home/rflaherty/test_dicoms/raw/sub-01_ses-20250319_rec-PSN-on/20250825/00_0005_gremt-cs4-f100-fa10-1iso-ellip83-rr/original-primary-m-none_e09_0001.dcm using: <<filepath:/raw/test_dicoms/sub-(.*?)/>> -> 'sub-'
2025-12-17 18:10:58 - ERROR | Could not parse required sub-<label> label from [DICOM] /home/rflaherty/test_dicoms/raw/sub-01_ses-20250319_rec-PSN-on/20250825/00_0007_gremt-cs4-f4-fa10-1iso-ellip83-rr/original-primary-m-none_e09_0001.dcm using: <<filepath:/raw/test_dicoms/sub-(.*?)/>> -> 'sub-'
2025-12-17 18:10:59 - ERROR | Could not parse required sub-<label> label from [DICOM] /home/rflaherty/test_dicoms/raw/sub-01_ses-20251121_acq-vibeMTc9_rec-DL6weak_rec-PSN-on-off/20250828/91_0001_vibemt-c9-f100-fa25-1iso-psnon/original-primary-m-none_e09_0001.dcm using: <<filepath:/raw/test_dicoms/sub-(.*?)/>> -> 'sub-'
2025-12-17 18:10:59 - ERROR | Could not parse required sub-<label> label from [DICOM] /home/rflaherty/test_dicoms/raw/sub-01_ses-20251121_acq-vibeMTc9_rec-DL6weak_rec-PSN-on-off/20250828/91_0002_vibemt-c9-f100-fa25-1iso-psnoff/original-primary-m-none_e09_0001.dcm using: <<filepath:/raw/test_dicoms/sub-(.*?)/>> -> 'sub-'
2025-12-17 18:11:00 - ERROR | Could not parse required sub-<label> label from [DICOM] /home/rflaherty/test_dicoms/raw/sub-01_ses-20251121_acq-vibeMTc9_rec-DL6weak_rec-PSN-on-off/20250828/91_0003_vibemt-c9-f100-fa6-1iso-psnon/original-primary-m-none_e09_0001.dcm using: <<filepath:/raw/test_dicoms/sub-(.*?)/>> -> 'sub-'
2025-12-17 18:11:00 - ERROR | Could not parse required sub-<label> label from [DICOM] /home/rflaherty/test_dicoms/raw/sub-01_ses-20251121_acq-vibeMTc9_rec-DL6weak_rec-PSN-on-off/20250828/91_0004_vibemt-c9-f100-fa6-1iso-psnoff/original-primary-m-none_e09_0001.dcm using: <<filepath:/raw/test_dicoms/sub-(.*?)/>> -> 'sub-'
2025-12-17 18:11:01 - ERROR | Could not parse required sub-<label> label from [DICOM] /home/rflaherty/test_dicoms/raw/sub-01_ses-20251121_acq-vibeMTc9_rec-DL6weak_rec-PSN-on-off/20250828/91_0005_vibemt-c9-f100-fa10-1iso-psnon/original-primary-m-none_e09_0001.dcm using: <<filepath:/raw/test_dicoms/sub-(.*?)/>> -> 'sub-'
2025-12-17 18:11:01 - ERROR | Could not parse required sub-<label> label from [DICOM] /home/rflaherty/test_dicoms/raw/sub-01_ses-20251121_acq-vibeMTc9_rec-DL6weak_rec-PSN-on-off/20250828/91_0006_vibemt-c9-f100-fa10-1iso-psnoff/original-primary-m-none_e09_0001.dcm using: <<filepath:/raw/test_dicoms/sub-(.*?)/>> -> 'sub-'
2025-12-17 18:11:01 - ERROR | Could not parse required sub-<label> label from [DICOM] /home/rflaherty/test_dicoms/raw/sub-01_ses-20251121_acq-vibeMTc9_rec-DL6weak_rec-PSN-on-off/20250828/91_0007_vibemt-c9-f4-fa10-1iso-psnon/original-primary-m-none_e09_0001.dcm using: <<filepath:/raw/test_dicoms/sub-(.*?)/>> -> 'sub-'
2025-12-17 18:11:02 - ERROR | Could not parse required sub-<label> label from [DICOM] /home/rflaherty/test_dicoms/raw/sub-01_ses-20251121_acq-vibeMTc9_rec-DL6weak_rec-PSN-on-off/20250828/91_0008_vibemt-c9-f4-fa10-1iso-psnoff/original-primary-m-none_e09_0001.dcm using: <<filepath:/raw/test_dicoms/sub-(.*?)/>> -> 'sub-'
2025-12-17 18:11:02 - ERROR | Could not parse required sub-<label> label from [DICOM] /home/rflaherty/test_dicoms/raw/sub-02_ses-20241024_acq-greMTcs9_rec-CC-off/20241024/38928_0007_gremt-cs9-f4-fa10-1iso-ellip76/original-primary-m-none_e09_0001.dcm using: <<filepath:/raw/test_dicoms/sub-(.*?)/>> -> 'sub-'
2025-12-17 18:11:03 - ERROR | Could not parse required sub-<label> label from [DICOM] /home/rflaherty/test_dicoms/raw/sub-02_ses-20241024_acq-greMTcs9_rec-CC-off/20241024/38928_0008_gremt-cs9-f100-fa10-1iso-ellip76/original-primary-m-none_e09_0001.dcm using: <<filepath:/raw/test_dicoms/sub-(.*?)/>> -> 'sub-'
2025-12-17 18:11:03 - ERROR | Could not parse required sub-<label> label from [DICOM] /home/rflaherty/test_dicoms/raw/sub-02_ses-20241024_acq-greMTcs9_rec-CC-off/20241024/38928_0009_gremt-cs9-f100-fa6-1iso-ellip76/original-primary-m-none_e09_0001.dcm using: <<filepath:/raw/test_dicoms/sub-(.*?)/>> -> 'sub-'
2025-12-17 18:11:04 - ERROR | Could not parse required sub-<label> label from [DICOM] /home/rflaherty/test_dicoms/raw/sub-02_ses-20241024_acq-greMTcs9_rec-CC-off/20241024/38928_0010_gremt-cs9-f100-fa25-1iso-ellip76/original-primary-m-none_e09_0001.dcm using: <<filepath:/raw/test_dicoms/sub-(.*?)/>> -> 'sub-'
2025-12-17 18:11:05 - ERROR | Could not parse required sub-<label> label from [DICOM] /home/rflaherty/test_dicoms/raw/sub-02_ses-20241024_acq-greMTcs9_rec-CC-off/20241024/38928_0011_t1-mpr-fwe-1iso-cs4-6/original-primary-m-none_e09_0001.dcm using: <<filepath:/raw/test_dicoms/sub-(.*?)/>> -> 'sub-'
2025-12-17 18:11:05 - ERROR | Could not parse required sub-<label> label from [DICOM] /home/rflaherty/test_dicoms/raw/sub-01_ses-20240517-02_rec-PSN-on/20241022/91_0099_phoenixzipreport/original-primary-other-csa-report_e09_0007.dcm using: <<filepath:/raw/test_dicoms/sub-(.*?)/>> -> 'sub-'
<<<<<<<<<<<<<<<<<<<<<<<<<<<<<<<<<<<<<<<<

2025-12-17 18:11:31 - INFO | For the complete detailed log see: /home/rflaherty/normabrain/bids/code/bidscoin/bidsmapper.log
NB: That folder may contain privacy sensitive information, e.g. pathnames in logfiles and provenance data samples
2025-12-17 18:11:55 - INFO | 
2025-12-17 18:11:55 - INFO | -------------- START BIDSmapper ------------
2025-12-17 18:11:55 - INFO | >>> bidsmapper sourcefolder=/home/rflaherty/test_dicoms/raw bidsfolder=/home/rflaherty/normabrain/bids bidsmap=bidsmap.yaml template=bidsmap_dccn.yaml plugins=[] subprefix=sub- sesprefix=ses- store=False force=False
2025-12-17 18:11:55 - INFO | No bidsmap file found: /home/rflaherty/normabrain/bids/code/bidscoin/bidsmap.yaml
2025-12-17 18:11:55 - INFO | Reading: /home/rflaherty/normabrain/bidsmap_dccn.yaml
2025-12-17 18:11:56 - INFO | Checking the bidsmap run-items:
2025-12-17 18:11:56 - VERBOSE | Could not validate every run-item in the bidsmap
2025-12-17 18:11:56 - VERBOSE | Checking the template bidsmap datatypes:
2025-12-17 18:11:56 - SUCCESS | All datatypes and options in the template bidsmap are valid
2025-12-17 18:11:56 - INFO | Mapping: /home/rflaherty/test_dicoms/raw/sub-01_ses-20240517-02_rec-PSN-on (subject 1/7)
2025-12-17 18:11:56 - VERBOSE | Executing plugin: dcm2niix2bids -> /home/rflaherty/test_dicoms/raw/sub-01_ses-20240517-02_rec-PSN-on
2025-12-17 18:11:57 - INFO | Discovered sample: [DICOM] /home/rflaherty/test_dicoms/raw/sub-01_ses-20240517-02_rec-PSN-on/20241022/91_0006_gremt-cs4-f4-fa10-1iso-ellip83-rr/original-primary-m-none_e09_0001.dcm
2025-12-17 18:11:59 - INFO | Discovered sample: [DICOM] /home/rflaherty/test_dicoms/raw/sub-01_ses-20240517-02_rec-PSN-on/20241022/91_0007_gremt-cs4-f100-fa6-1iso-ellip83-rr/original-primary-m-none_e09_0001.dcm
2025-12-17 18:12:00 - INFO | Discovered sample: [DICOM] /home/rflaherty/test_dicoms/raw/sub-01_ses-20240517-02_rec-PSN-on/20241022/91_0008_gremt-cs4-f100-fa10-1iso-ellip83-rr/original-primary-m-none_e09_0001.dcm
2025-12-17 18:12:01 - INFO | Discovered sample: [DICOM] /home/rflaherty/test_dicoms/raw/sub-01_ses-20240517-02_rec-PSN-on/20241022/91_0009_gremt-cs4-f100-fa25-1iso-ellip83-rr/original-primary-m-none_e09_0001.dcm
2025-12-17 18:12:02 - INFO | Discovered sample: [DICOM] /home/rflaherty/test_dicoms/raw/sub-01_ses-20240517-02_rec-PSN-on/20241022/91_0010_gremt-cs6-f4-fa10-1iso-ellip79-rr/original-primary-m-none_e09_0001.dcm
2025-12-17 18:12:04 - INFO | Discovered sample: [DICOM] /home/rflaherty/test_dicoms/raw/sub-01_ses-20240517-02_rec-PSN-on/20241022/91_0011_gremt-cs6-f100-fa6-1iso-ellip79-rr/original-primary-m-none_e09_0001.dcm
2025-12-17 18:12:05 - INFO | Discovered sample: [DICOM] /home/rflaherty/test_dicoms/raw/sub-01_ses-20240517-02_rec-PSN-on/20241022/91_0012_gremt-cs6-f100-fa10-1iso-ellip79-rr/original-primary-m-none_e09_0001.dcm
2025-12-17 18:12:06 - INFO | Discovered sample: [DICOM] /home/rflaherty/test_dicoms/raw/sub-01_ses-20240517-02_rec-PSN-on/20241022/91_0013_gremt-cs9-f4-fa10-1iso-ellip76-rr/original-primary-m-none_e09_0001.dcm
2025-12-17 18:12:08 - INFO | Discovered sample: [DICOM] /home/rflaherty/test_dicoms/raw/sub-01_ses-20240517-02_rec-PSN-on/20241022/91_0014_gremt-cs9-f100-fa6-1iso-ellip76-rr/original-primary-m-none_e09_0001.dcm
2025-12-17 18:12:09 - INFO | Discovered sample: [DICOM] /home/rflaherty/test_dicoms/raw/sub-01_ses-20240517-02_rec-PSN-on/20241022/91_0015_gremt-cs9-f100-fa10-1iso-ellip76-rr/original-primary-m-none_e09_0001.dcm
2025-12-17 18:12:10 - INFO | Discovered sample: [DICOM] /home/rflaherty/test_dicoms/raw/sub-01_ses-20240517-02_rec-PSN-on/20241022/91_0016_gremt-cs9-f100-fa25-1iso-ellip76-rr/original-primary-m-none_e09_0001.dcm
2025-12-17 18:12:12 - INFO | Discovered sample: [DICOM] /home/rflaherty/test_dicoms/raw/sub-01_ses-20240517-02_rec-PSN-on/20241022/91_0017_gremt-cs6-f100-fa25-1iso-ellip79-rr/original-primary-m-none_e09_0001.dcm
2025-12-17 18:12:12 - INFO | Discovered sample: [DICOM] /home/rflaherty/test_dicoms/raw/sub-01_ses-20240517-02_rec-PSN-on/20241022/91_0099_phoenixzipreport/original-primary-other-csa-report_e09_0007.dcm
2025-12-17 18:12:12 - VERBOSE | Executing plugin: events2bids -> /home/rflaherty/test_dicoms/raw/sub-01_ses-20240517-02_rec-PSN-on
2025-12-17 18:12:12 - INFO | Mapping: /home/rflaherty/test_dicoms/raw/sub-01_ses-20240718-02_rec-PSN-on (subject 2/7)
2025-12-17 18:12:12 - VERBOSE | Executing plugin: dcm2niix2bids -> /home/rflaherty/test_dicoms/raw/sub-01_ses-20240718-02_rec-PSN-on
2025-12-17 18:12:29 - VERBOSE | Executing plugin: events2bids -> /home/rflaherty/test_dicoms/raw/sub-01_ses-20240718-02_rec-PSN-on
2025-12-17 18:12:29 - INFO | Mapping: /home/rflaherty/test_dicoms/raw/sub-01_ses-20250319_rec-PSN-on (subject 3/7)
2025-12-17 18:12:29 - VERBOSE | Executing plugin: dcm2niix2bids -> /home/rflaherty/test_dicoms/raw/sub-01_ses-20250319_rec-PSN-on
2025-12-17 18:12:31 - INFO | Discovered sample: [DICOM] /home/rflaherty/test_dicoms/raw/sub-01_ses-20250319_rec-PSN-on/20250825/00_0001_gremt-cs4-f100-fa25-1iso-ellip83-rr/original-primary-m-none_e09_0001.dcm
2025-12-17 18:12:32 - INFO | Discovered sample: [DICOM] /home/rflaherty/test_dicoms/raw/sub-01_ses-20250319_rec-PSN-on/20250825/00_0003_gremt-cs4-f100-fa6-1iso-ellip83-rr/original-primary-m-none_e09_0001.dcm
2025-12-17 18:12:34 - INFO | Discovered sample: [DICOM] /home/rflaherty/test_dicoms/raw/sub-01_ses-20250319_rec-PSN-on/20250825/00_0005_gremt-cs4-f100-fa10-1iso-ellip83-rr/original-primary-m-none_e09_0001.dcm
2025-12-17 18:12:35 - INFO | Discovered sample: [DICOM] /home/rflaherty/test_dicoms/raw/sub-01_ses-20250319_rec-PSN-on/20250825/00_0007_gremt-cs4-f4-fa10-1iso-ellip83-rr/original-primary-m-none_e09_0001.dcm
2025-12-17 18:12:35 - VERBOSE | Executing plugin: events2bids -> /home/rflaherty/test_dicoms/raw/sub-01_ses-20250319_rec-PSN-on
2025-12-17 18:12:35 - INFO | Mapping: /home/rflaherty/test_dicoms/raw/sub-01_ses-20251121_acq-vibeMTc9_rec-DL6weak_rec-PSN-on-off (subject 4/7)
2025-12-17 18:12:35 - VERBOSE | Executing plugin: dcm2niix2bids -> /home/rflaherty/test_dicoms/raw/sub-01_ses-20251121_acq-vibeMTc9_rec-DL6weak_rec-PSN-on-off
2025-12-17 18:12:37 - INFO | Discovered sample: [DICOM] /home/rflaherty/test_dicoms/raw/sub-01_ses-20251121_acq-vibeMTc9_rec-DL6weak_rec-PSN-on-off/20250828/91_0001_vibemt-c9-f100-fa25-1iso-psnon/original-primary-m-none_e09_0001.dcm
2025-12-17 18:12:38 - INFO | Discovered sample: [DICOM] /home/rflaherty/test_dicoms/raw/sub-01_ses-20251121_acq-vibeMTc9_rec-DL6weak_rec-PSN-on-off/20250828/91_0002_vibemt-c9-f100-fa25-1iso-psnoff/original-primary-m-none_e09_0001.dcm
2025-12-17 18:12:40 - INFO | Discovered sample: [DICOM] /home/rflaherty/test_dicoms/raw/sub-01_ses-20251121_acq-vibeMTc9_rec-DL6weak_rec-PSN-on-off/20250828/91_0003_vibemt-c9-f100-fa6-1iso-psnon/original-primary-m-none_e09_0001.dcm
2025-12-17 18:12:41 - INFO | Discovered sample: [DICOM] /home/rflaherty/test_dicoms/raw/sub-01_ses-20251121_acq-vibeMTc9_rec-DL6weak_rec-PSN-on-off/20250828/91_0004_vibemt-c9-f100-fa6-1iso-psnoff/original-primary-m-none_e09_0001.dcm
2025-12-17 18:12:43 - INFO | Discovered sample: [DICOM] /home/rflaherty/test_dicoms/raw/sub-01_ses-20251121_acq-vibeMTc9_rec-DL6weak_rec-PSN-on-off/20250828/91_0005_vibemt-c9-f100-fa10-1iso-psnon/original-primary-m-none_e09_0001.dcm
2025-12-17 18:12:44 - INFO | Discovered sample: [DICOM] /home/rflaherty/test_dicoms/raw/sub-01_ses-20251121_acq-vibeMTc9_rec-DL6weak_rec-PSN-on-off/20250828/91_0006_vibemt-c9-f100-fa10-1iso-psnoff/original-primary-m-none_e09_0001.dcm
2025-12-17 18:12:45 - INFO | Discovered sample: [DICOM] /home/rflaherty/test_dicoms/raw/sub-01_ses-20251121_acq-vibeMTc9_rec-DL6weak_rec-PSN-on-off/20250828/91_0007_vibemt-c9-f4-fa10-1iso-psnon/original-primary-m-none_e09_0001.dcm
2025-12-17 18:12:47 - INFO | Discovered sample: [DICOM] /home/rflaherty/test_dicoms/raw/sub-01_ses-20251121_acq-vibeMTc9_rec-DL6weak_rec-PSN-on-off/20250828/91_0008_vibemt-c9-f4-fa10-1iso-psnoff/original-primary-m-none_e09_0001.dcm
2025-12-17 18:12:47 - VERBOSE | Executing plugin: events2bids -> /home/rflaherty/test_dicoms/raw/sub-01_ses-20251121_acq-vibeMTc9_rec-DL6weak_rec-PSN-on-off
2025-12-17 18:12:47 - INFO | Mapping: /home/rflaherty/test_dicoms/raw/sub-02_ses-20240828-02_rec-PSN-on (subject 5/7)
2025-12-17 18:12:47 - VERBOSE | Executing plugin: dcm2niix2bids -> /home/rflaherty/test_dicoms/raw/sub-02_ses-20240828-02_rec-PSN-on
2025-12-17 18:13:05 - VERBOSE | Executing plugin: events2bids -> /home/rflaherty/test_dicoms/raw/sub-02_ses-20240828-02_rec-PSN-on
2025-12-17 18:13:05 - INFO | Mapping: /home/rflaherty/test_dicoms/raw/sub-02_ses-20241024_acq-greMTcs9_rec-CC-off (subject 6/7)
2025-12-17 18:13:05 - VERBOSE | Executing plugin: dcm2niix2bids -> /home/rflaherty/test_dicoms/raw/sub-02_ses-20241024_acq-greMTcs9_rec-CC-off
2025-12-17 18:13:05 - INFO | Discovered sample: [DICOM] /home/rflaherty/test_dicoms/raw/sub-02_ses-20241024_acq-greMTcs9_rec-CC-off/20241024/38928_0006_tfl-b1map-sag/original-primary-flip-angle-map-none_e09_0001.dcm
2025-12-17 18:13:07 - INFO | Discovered sample: [DICOM] /home/rflaherty/test_dicoms/raw/sub-02_ses-20241024_acq-greMTcs9_rec-CC-off/20241024/38928_0007_gremt-cs9-f4-fa10-1iso-ellip76/original-primary-m-none_e09_0001.dcm
2025-12-17 18:13:08 - INFO | Discovered sample: [DICOM] /home/rflaherty/test_dicoms/raw/sub-02_ses-20241024_acq-greMTcs9_rec-CC-off/20241024/38928_0008_gremt-cs9-f100-fa10-1iso-ellip76/original-primary-m-none_e09_0001.dcm
2025-12-17 18:13:10 - INFO | Discovered sample: [DICOM] /home/rflaherty/test_dicoms/raw/sub-02_ses-20241024_acq-greMTcs9_rec-CC-off/20241024/38928_0009_gremt-cs9-f100-fa6-1iso-ellip76/original-primary-m-none_e09_0001.dcm
2025-12-17 18:13:11 - INFO | Discovered sample: [DICOM] /home/rflaherty/test_dicoms/raw/sub-02_ses-20241024_acq-greMTcs9_rec-CC-off/20241024/38928_0010_gremt-cs9-f100-fa25-1iso-ellip76/original-primary-m-none_e09_0001.dcm
2025-12-17 18:13:13 - INFO | Discovered sample: [DICOM] /home/rflaherty/test_dicoms/raw/sub-02_ses-20241024_acq-greMTcs9_rec-CC-off/20241024/38928_0011_t1-mpr-fwe-1iso-cs4-6/original-primary-m-none_e09_0001.dcm
2025-12-17 18:13:21 - WARNING | Not all .dcm-files in '/home/rflaherty/test_dicoms/raw/sub-02_ses-20241024_acq-greMTcs9_rec-CC-off/20241024/38928_0099_phoenixzipreport' have the same size. This may be OK but can also be indicative of a truncated acquisition or file corruption(s)
2025-12-17 18:13:21 - VERBOSE | Executing plugin: events2bids -> /home/rflaherty/test_dicoms/raw/sub-02_ses-20241024_acq-greMTcs9_rec-CC-off
2025-12-17 18:13:21 - INFO | Mapping: /home/rflaherty/test_dicoms/raw/sub-03_ses-20240903-02_rec-PSN-on (subject 7/7)
2025-12-17 18:13:21 - VERBOSE | Executing plugin: dcm2niix2bids -> /home/rflaherty/test_dicoms/raw/sub-03_ses-20240903-02_rec-PSN-on
2025-12-17 18:13:38 - VERBOSE | Executing plugin: events2bids -> /home/rflaherty/test_dicoms/raw/sub-03_ses-20240903-02_rec-PSN-on
2025-12-17 18:13:38 - INFO | Opening the bidseditor
2025-12-17 18:15:14 - INFO | -------------- FINISHED! -------------------
2025-12-17 18:15:14 - INFO | 
2025-12-17 18:15:14 - INFO | The following BIDScoin errors and warnings were reported:

>>>>>>>>>>>>>>>>>>>>>>>>>>>>>>>>>>>>>>>>
2025-12-17 18:13:21 - WARNING | Not all .dcm-files in '/home/rflaherty/test_dicoms/raw/sub-02_ses-20241024_acq-greMTcs9_rec-CC-off/20241024/38928_0099_phoenixzipreport' have the same size. This may be OK but can also be indicative of a truncated acquisition or file corruption(s)
<<<<<<<<<<<<<<<<<<<<<<<<<<<<<<<<<<<<<<<<

2025-12-17 18:15:14 - INFO | For the complete detailed log see: /home/rflaherty/normabrain/bids/code/bidscoin/bidsmapper.log
NB: That folder may contain privacy sensitive information, e.g. pathnames in logfiles and provenance data samples
2025-12-17 18:15:33 - INFO | 
2025-12-17 18:15:33 - INFO | -------------- START BIDSmapper ------------
2025-12-17 18:15:33 - INFO | >>> bidsmapper sourcefolder=/home/rflaherty/test_dicoms/raw bidsfolder=/home/rflaherty/normabrain/bids bidsmap=bidsmap.yaml template=bidsmap_dccn.yaml plugins=[] subprefix=sub- sesprefix=ses- store=False force=False
2025-12-17 18:15:33 - INFO | No bidsmap file found: /home/rflaherty/normabrain/bids/code/bidscoin/bidsmap.yaml
2025-12-17 18:15:33 - INFO | Reading: /home/rflaherty/normabrain/bidsmap_dccn.yaml
2025-12-17 18:15:34 - INFO | Checking the bidsmap run-items:
2025-12-17 18:15:34 - VERBOSE | Could not validate every run-item in the bidsmap
2025-12-17 18:15:34 - VERBOSE | Checking the template bidsmap datatypes:
2025-12-17 18:15:34 - SUCCESS | All datatypes and options in the template bidsmap are valid
2025-12-17 18:15:34 - INFO | Mapping: /home/rflaherty/test_dicoms/raw/sub-01_ses-20240517-02_rec-PSN-on (subject 1/7)
2025-12-17 18:15:34 - VERBOSE | Executing plugin: dcm2niix2bids -> /home/rflaherty/test_dicoms/raw/sub-01_ses-20240517-02_rec-PSN-on
2025-12-17 18:15:35 - INFO | Discovered sample: [DICOM] /home/rflaherty/test_dicoms/raw/sub-01_ses-20240517-02_rec-PSN-on/20241022/91_0006_gremt-cs4-f4-fa10-1iso-ellip83-rr/original-primary-m-none_e09_0001.dcm
2025-12-17 18:15:37 - INFO | Discovered sample: [DICOM] /home/rflaherty/test_dicoms/raw/sub-01_ses-20240517-02_rec-PSN-on/20241022/91_0007_gremt-cs4-f100-fa6-1iso-ellip83-rr/original-primary-m-none_e09_0001.dcm
2025-12-17 18:15:38 - INFO | Discovered sample: [DICOM] /home/rflaherty/test_dicoms/raw/sub-01_ses-20240517-02_rec-PSN-on/20241022/91_0008_gremt-cs4-f100-fa10-1iso-ellip83-rr/original-primary-m-none_e09_0001.dcm
2025-12-17 18:15:39 - INFO | Discovered sample: [DICOM] /home/rflaherty/test_dicoms/raw/sub-01_ses-20240517-02_rec-PSN-on/20241022/91_0009_gremt-cs4-f100-fa25-1iso-ellip83-rr/original-primary-m-none_e09_0001.dcm
2025-12-17 18:15:41 - INFO | Discovered sample: [DICOM] /home/rflaherty/test_dicoms/raw/sub-01_ses-20240517-02_rec-PSN-on/20241022/91_0010_gremt-cs6-f4-fa10-1iso-ellip79-rr/original-primary-m-none_e09_0001.dcm
2025-12-17 18:15:42 - INFO | Discovered sample: [DICOM] /home/rflaherty/test_dicoms/raw/sub-01_ses-20240517-02_rec-PSN-on/20241022/91_0011_gremt-cs6-f100-fa6-1iso-ellip79-rr/original-primary-m-none_e09_0001.dcm
2025-12-17 18:15:43 - INFO | Discovered sample: [DICOM] /home/rflaherty/test_dicoms/raw/sub-01_ses-20240517-02_rec-PSN-on/20241022/91_0012_gremt-cs6-f100-fa10-1iso-ellip79-rr/original-primary-m-none_e09_0001.dcm
2025-12-17 18:15:45 - INFO | Discovered sample: [DICOM] /home/rflaherty/test_dicoms/raw/sub-01_ses-20240517-02_rec-PSN-on/20241022/91_0013_gremt-cs9-f4-fa10-1iso-ellip76-rr/original-primary-m-none_e09_0001.dcm
2025-12-17 18:15:46 - INFO | Discovered sample: [DICOM] /home/rflaherty/test_dicoms/raw/sub-01_ses-20240517-02_rec-PSN-on/20241022/91_0014_gremt-cs9-f100-fa6-1iso-ellip76-rr/original-primary-m-none_e09_0001.dcm
2025-12-17 18:15:48 - INFO | Discovered sample: [DICOM] /home/rflaherty/test_dicoms/raw/sub-01_ses-20240517-02_rec-PSN-on/20241022/91_0015_gremt-cs9-f100-fa10-1iso-ellip76-rr/original-primary-m-none_e09_0001.dcm
2025-12-17 18:15:49 - INFO | Discovered sample: [DICOM] /home/rflaherty/test_dicoms/raw/sub-01_ses-20240517-02_rec-PSN-on/20241022/91_0016_gremt-cs9-f100-fa25-1iso-ellip76-rr/original-primary-m-none_e09_0001.dcm
2025-12-17 18:15:50 - INFO | Discovered sample: [DICOM] /home/rflaherty/test_dicoms/raw/sub-01_ses-20240517-02_rec-PSN-on/20241022/91_0017_gremt-cs6-f100-fa25-1iso-ellip79-rr/original-primary-m-none_e09_0001.dcm
2025-12-17 18:15:50 - INFO | Discovered sample: [DICOM] /home/rflaherty/test_dicoms/raw/sub-01_ses-20240517-02_rec-PSN-on/20241022/91_0099_phoenixzipreport/original-primary-other-csa-report_e09_0007.dcm
2025-12-17 18:15:50 - VERBOSE | Executing plugin: events2bids -> /home/rflaherty/test_dicoms/raw/sub-01_ses-20240517-02_rec-PSN-on
2025-12-17 18:15:50 - INFO | Mapping: /home/rflaherty/test_dicoms/raw/sub-01_ses-20240718-02_rec-PSN-on (subject 2/7)
2025-12-17 18:15:50 - VERBOSE | Executing plugin: dcm2niix2bids -> /home/rflaherty/test_dicoms/raw/sub-01_ses-20240718-02_rec-PSN-on
2025-12-17 18:16:08 - VERBOSE | Executing plugin: events2bids -> /home/rflaherty/test_dicoms/raw/sub-01_ses-20240718-02_rec-PSN-on
2025-12-17 18:16:08 - INFO | Mapping: /home/rflaherty/test_dicoms/raw/sub-01_ses-20250319_rec-PSN-on (subject 3/7)
2025-12-17 18:16:08 - VERBOSE | Executing plugin: dcm2niix2bids -> /home/rflaherty/test_dicoms/raw/sub-01_ses-20250319_rec-PSN-on
2025-12-17 18:16:09 - INFO | Discovered sample: [DICOM] /home/rflaherty/test_dicoms/raw/sub-01_ses-20250319_rec-PSN-on/20250825/00_0001_gremt-cs4-f100-fa25-1iso-ellip83-rr/original-primary-m-none_e09_0001.dcm
2025-12-17 18:16:10 - INFO | Discovered sample: [DICOM] /home/rflaherty/test_dicoms/raw/sub-01_ses-20250319_rec-PSN-on/20250825/00_0003_gremt-cs4-f100-fa6-1iso-ellip83-rr/original-primary-m-none_e09_0001.dcm
2025-12-17 18:16:12 - INFO | Discovered sample: [DICOM] /home/rflaherty/test_dicoms/raw/sub-01_ses-20250319_rec-PSN-on/20250825/00_0005_gremt-cs4-f100-fa10-1iso-ellip83-rr/original-primary-m-none_e09_0001.dcm
2025-12-17 18:16:13 - INFO | Discovered sample: [DICOM] /home/rflaherty/test_dicoms/raw/sub-01_ses-20250319_rec-PSN-on/20250825/00_0007_gremt-cs4-f4-fa10-1iso-ellip83-rr/original-primary-m-none_e09_0001.dcm
2025-12-17 18:16:13 - VERBOSE | Executing plugin: events2bids -> /home/rflaherty/test_dicoms/raw/sub-01_ses-20250319_rec-PSN-on
2025-12-17 18:16:13 - INFO | Mapping: /home/rflaherty/test_dicoms/raw/sub-01_ses-20251121_acq-vibeMTc9_rec-DL6weak_rec-PSN-on-off (subject 4/7)
2025-12-17 18:16:13 - VERBOSE | Executing plugin: dcm2niix2bids -> /home/rflaherty/test_dicoms/raw/sub-01_ses-20251121_acq-vibeMTc9_rec-DL6weak_rec-PSN-on-off
2025-12-17 18:16:15 - INFO | Discovered sample: [DICOM] /home/rflaherty/test_dicoms/raw/sub-01_ses-20251121_acq-vibeMTc9_rec-DL6weak_rec-PSN-on-off/20250828/91_0001_vibemt-c9-f100-fa25-1iso-psnon/original-primary-m-none_e09_0001.dcm
2025-12-17 18:16:16 - INFO | Discovered sample: [DICOM] /home/rflaherty/test_dicoms/raw/sub-01_ses-20251121_acq-vibeMTc9_rec-DL6weak_rec-PSN-on-off/20250828/91_0002_vibemt-c9-f100-fa25-1iso-psnoff/original-primary-m-none_e09_0001.dcm
2025-12-17 18:16:17 - INFO | Discovered sample: [DICOM] /home/rflaherty/test_dicoms/raw/sub-01_ses-20251121_acq-vibeMTc9_rec-DL6weak_rec-PSN-on-off/20250828/91_0003_vibemt-c9-f100-fa6-1iso-psnon/original-primary-m-none_e09_0001.dcm
2025-12-17 18:16:19 - INFO | Discovered sample: [DICOM] /home/rflaherty/test_dicoms/raw/sub-01_ses-20251121_acq-vibeMTc9_rec-DL6weak_rec-PSN-on-off/20250828/91_0004_vibemt-c9-f100-fa6-1iso-psnoff/original-primary-m-none_e09_0001.dcm
2025-12-17 18:16:20 - INFO | Discovered sample: [DICOM] /home/rflaherty/test_dicoms/raw/sub-01_ses-20251121_acq-vibeMTc9_rec-DL6weak_rec-PSN-on-off/20250828/91_0005_vibemt-c9-f100-fa10-1iso-psnon/original-primary-m-none_e09_0001.dcm
2025-12-17 18:16:22 - INFO | Discovered sample: [DICOM] /home/rflaherty/test_dicoms/raw/sub-01_ses-20251121_acq-vibeMTc9_rec-DL6weak_rec-PSN-on-off/20250828/91_0006_vibemt-c9-f100-fa10-1iso-psnoff/original-primary-m-none_e09_0001.dcm
2025-12-17 18:16:23 - INFO | Discovered sample: [DICOM] /home/rflaherty/test_dicoms/raw/sub-01_ses-20251121_acq-vibeMTc9_rec-DL6weak_rec-PSN-on-off/20250828/91_0007_vibemt-c9-f4-fa10-1iso-psnon/original-primary-m-none_e09_0001.dcm
2025-12-17 18:16:25 - INFO | Discovered sample: [DICOM] /home/rflaherty/test_dicoms/raw/sub-01_ses-20251121_acq-vibeMTc9_rec-DL6weak_rec-PSN-on-off/20250828/91_0008_vibemt-c9-f4-fa10-1iso-psnoff/original-primary-m-none_e09_0001.dcm
2025-12-17 18:16:25 - VERBOSE | Executing plugin: events2bids -> /home/rflaherty/test_dicoms/raw/sub-01_ses-20251121_acq-vibeMTc9_rec-DL6weak_rec-PSN-on-off
2025-12-17 18:16:25 - INFO | Mapping: /home/rflaherty/test_dicoms/raw/sub-02_ses-20240828-02_rec-PSN-on (subject 5/7)
2025-12-17 18:16:25 - VERBOSE | Executing plugin: dcm2niix2bids -> /home/rflaherty/test_dicoms/raw/sub-02_ses-20240828-02_rec-PSN-on
2025-12-17 18:16:44 - VERBOSE | Executing plugin: events2bids -> /home/rflaherty/test_dicoms/raw/sub-02_ses-20240828-02_rec-PSN-on
2025-12-17 18:16:44 - INFO | Mapping: /home/rflaherty/test_dicoms/raw/sub-02_ses-20241024_acq-greMTcs9_rec-CC-off (subject 6/7)
2025-12-17 18:16:44 - VERBOSE | Executing plugin: dcm2niix2bids -> /home/rflaherty/test_dicoms/raw/sub-02_ses-20241024_acq-greMTcs9_rec-CC-off
2025-12-17 18:16:44 - INFO | Discovered sample: [DICOM] /home/rflaherty/test_dicoms/raw/sub-02_ses-20241024_acq-greMTcs9_rec-CC-off/20241024/38928_0006_tfl-b1map-sag/original-primary-flip-angle-map-none_e09_0001.dcm
2025-12-17 18:16:46 - INFO | Discovered sample: [DICOM] /home/rflaherty/test_dicoms/raw/sub-02_ses-20241024_acq-greMTcs9_rec-CC-off/20241024/38928_0007_gremt-cs9-f4-fa10-1iso-ellip76/original-primary-m-none_e09_0001.dcm
2025-12-17 18:16:47 - INFO | Discovered sample: [DICOM] /home/rflaherty/test_dicoms/raw/sub-02_ses-20241024_acq-greMTcs9_rec-CC-off/20241024/38928_0008_gremt-cs9-f100-fa10-1iso-ellip76/original-primary-m-none_e09_0001.dcm
2025-12-17 18:16:49 - INFO | Discovered sample: [DICOM] /home/rflaherty/test_dicoms/raw/sub-02_ses-20241024_acq-greMTcs9_rec-CC-off/20241024/38928_0009_gremt-cs9-f100-fa6-1iso-ellip76/original-primary-m-none_e09_0001.dcm
2025-12-17 18:16:50 - INFO | Discovered sample: [DICOM] /home/rflaherty/test_dicoms/raw/sub-02_ses-20241024_acq-greMTcs9_rec-CC-off/20241024/38928_0010_gremt-cs9-f100-fa25-1iso-ellip76/original-primary-m-none_e09_0001.dcm
2025-12-17 18:16:52 - INFO | Discovered sample: [DICOM] /home/rflaherty/test_dicoms/raw/sub-02_ses-20241024_acq-greMTcs9_rec-CC-off/20241024/38928_0011_t1-mpr-fwe-1iso-cs4-6/original-primary-m-none_e09_0001.dcm
2025-12-17 18:17:00 - WARNING | Not all .dcm-files in '/home/rflaherty/test_dicoms/raw/sub-02_ses-20241024_acq-greMTcs9_rec-CC-off/20241024/38928_0099_phoenixzipreport' have the same size. This may be OK but can also be indicative of a truncated acquisition or file corruption(s)
2025-12-17 18:17:00 - VERBOSE | Executing plugin: events2bids -> /home/rflaherty/test_dicoms/raw/sub-02_ses-20241024_acq-greMTcs9_rec-CC-off
2025-12-17 18:17:00 - INFO | Mapping: /home/rflaherty/test_dicoms/raw/sub-03_ses-20240903-02_rec-PSN-on (subject 7/7)
2025-12-17 18:17:00 - VERBOSE | Executing plugin: dcm2niix2bids -> /home/rflaherty/test_dicoms/raw/sub-03_ses-20240903-02_rec-PSN-on
2025-12-17 18:17:17 - VERBOSE | Executing plugin: events2bids -> /home/rflaherty/test_dicoms/raw/sub-03_ses-20240903-02_rec-PSN-on
2025-12-17 18:17:17 - INFO | Opening the bidseditor
2025-12-17 18:18:25 - WARNING | B0FieldIdentifier/IntendedFor field map value is empty for DICOM run-item: [DICOM/fmap] /home/rflaherty/test_dicoms/raw/sub-02_ses-20241024_acq-greMTcs9_rec-CC-off/20241024/38928_0006_tfl-b1map-sag/original-primary-flip-angle-map-none_e09_0001.dcm
2025-12-17 18:18:37 - INFO | Checking the bidsmap run-items:
2025-12-17 18:18:37 - SUCCESS | All run-items in the bidsmap are valid
2025-12-17 18:18:37 - INFO | Saving bidsmap in: /home/rflaherty/normabrain/bids/code/bidscoin/bidsmap.yaml
2025-12-17 18:18:37 - INFO | -------------- FINISHED! -------------------
2025-12-17 18:18:37 - INFO | 
2025-12-17 18:18:37 - INFO | The following BIDScoin errors and warnings were reported:

>>>>>>>>>>>>>>>>>>>>>>>>>>>>>>>>>>>>>>>>
2025-12-17 18:17:00 - WARNING | Not all .dcm-files in '/home/rflaherty/test_dicoms/raw/sub-02_ses-20241024_acq-greMTcs9_rec-CC-off/20241024/38928_0099_phoenixzipreport' have the same size. This may be OK but can also be indicative of a truncated acquisition or file corruption(s)
2025-12-17 18:18:25 - WARNING | B0FieldIdentifier/IntendedFor field map value is empty for DICOM run-item: [DICOM/fmap] /home/rflaherty/test_dicoms/raw/sub-02_ses-20241024_acq-greMTcs9_rec-CC-off/20241024/38928_0006_tfl-b1map-sag/original-primary-flip-angle-map-none_e09_0001.dcm
<<<<<<<<<<<<<<<<<<<<<<<<<<<<<<<<<<<<<<<<

2025-12-17 18:18:37 - INFO | For the complete detailed log see: /home/rflaherty/normabrain/bids/code/bidscoin/bidsmapper.log
NB: That folder may contain privacy sensitive information, e.g. pathnames in logfiles and provenance data samples
